Key,Id,English (United States)(en-US),Korean (South Korea)(ko-KR)
"MSG_Map_Init_Fail",343799237697536,"Unable to load map data.","맵 데이터 로드에 실패하였습니다."
"Error_1",343799246086144,"Failed to load map data.","맵 데이터 로드에 실패하였습니다."
"UI_MissionComplete",343799250280481,"{0} Successful! {1} Gem acquired!","{0} 성공! {1}젬 획득!"
"UI_Go",343799250280482,"GO","GO"
"UI_TIK",343799250280483,"TIK","TIK"
"UI_GemInterest",343799250280484,"Bonus","보너스"
"UI_WaveRound",343799250280485,"Wave {0}","Wave {0}"
"UI_ReLocation",343799250280486,"Relocation","재배치"
"UI_SummonBoss",343799250280487,"Lv.{0} Summon Boss","Lv.{0} 보스 소환"
"UI_Reward",343799250280488,"Reward","보상"
"UI_MissionConfirm",343799250280489,"Mission","미션확인"
"UI_MissionConfirmCount",343799250280490,"Mission({0}/{1})","미션확인({0}/{1})"
"UI_Summon",343799250280491,"Summon","소환"
"UI_Pause",343799250280492,"Pause","일시정지"
"UI_Profile",343799250280493,"Profile","프로필"
"UI_NicknameEdit",343799250280494,"Nickname Edit","닉네임 변경"
"UI_NicknameDesc",343799250280495,"Please change your Nickname.","닉네임을 설정해주세요."
"DUPLICATED_NICKNAME",343799254474752,"<color=#FF0000>This nickname is already in use.</color>","<color=#FF0000>이미 사용중인 닉네임입니다.</color>"
"INVALID_NICKNAME",343799254474753,"<color=#FF0000>This nickname is not available.</color>","<color=#FF0000>사용할 수 없는 닉네임입니다.</color>"
"UI_NicknameMinimum",343799254474754,"<color=#FF0000>Please use {0} or higher.</color>","<color=#FF0000>{0}글자 이상 사용해주세요.</color>"
"UI_NicknameMaximum",343799254474755,"<color=#FF0000>Please use the nickname below {0}.</color>","<color=#FF0000>{0}이하로 사용해주세요.</color>"
"UI_NicknameSucceess",343799254474756,"<color=#00B050>This nickname is available.</color>","<color=#00B050>사용 가능한 닉네임입니다.</color>"
"UI_NicknameRule",343799254474757,"*You can use it for free once per account.
*Offensive words can be subject to sanctions.
*Special characters and spaces are not allowed.","*계정당 1회 무료 사용할 수 있습니다.
*불쾌감을 주는 단어는 제재의 대상이 될 수 있습니다.
*특수문자 및 공백은 사용할 수 없습니다."
"UI_Search",343799254474760,"Search","플레이"
"UI_Energy_Store",343799254474761,"Energy Charger","에너지 구매"
"UI_Energy_Need",343799254474762,"Do you need energy?","에너지가 부족하신가요?"
"UI_GetCharacter_Glacier",343799254474763,"[Glacier] Random Character","[빙하] 캐릭터 뽑기"
"UI_TodayGo",343799254474764,"Today`s GO","오늘의 GO"
"UI_LeaderBoard",343799254474765,"Leader Board","리더보드"
"UI_Setting",343799254474766,"Setting","환경설정"
"UI_PlayerUID",343799254474767,"Player UID","플레이어UID"
"UI_Glacier",343799254474768,"Glacier","빙하"
"UI_Ocean",343799254474769,"Ocean","바다"
"UI_MyCharacter",343799254474770,"My Character","보유한 캐릭터"
"UI_Information",343799254474771,"Information","안내"
"UI_AttackInformation",343799254474772,"Attack Information","공격정보"
"UI_DetectRange",343799254474775,"Range","사거리"
"UI_TargetCount",343799254474776,"Target Count","타겟 수"
"UI_StrikeRange",343799254474777,"Splash Range","확산 피해"
"UI_Examine",343799254474782,"Examine","중복 확인"
"UI_Withdrawal",343799254474784,"Withdrawal","회원탈퇴"
"UI_Withdrawal_Fail",343799254474785,"The withdrawal has failed.","탈퇴에 실패하였습니다."
"UI_GameOver_Desc",343799254474786,"Challenge your weekly best!
","주간 최고 기록에 도전해보세요!"
"UI_Ranking",363406589681664,"Rank","랭킹"
"UI_Stage_99",2586972248858624,"Infinite","무한모드"
"UI_Stage_Desc_99",2586972265635840,"Defeat the throng of filth.
We exchange Go for TIK at midnight every day.
Who is today's star?","무수히 몰려오는 오물이를 물리쳐보세요.
매일 자정이 되면 Go를 TIK로 교환해드립니다.
오늘의 주인공은 누구?!"
"UI_MissionGroup_1",2586972265635841,"Gather up, everyone!","모두 모여라!"
"UI_MissionGroup_2",2586972265635842,"Trust me!","나만 믿어!"
"UI_MissionGroup_3",2586972265635843,"Together, we live!","뭉치면 산다!"
"UI_MissionDesc_1",2586972265635844,"All different 0 star Character","서로 다른 0성 캐릭터 모두 보유"
"UI_MissionDesc_2",2586972265635845,"All different 1 star Character","서로 다른 1성 캐릭터 모두 보유"
"UI_MissionDesc_3",2586972265635846,"All different 2 stars Character","서로 다른 2성 캐릭터 모두 보유"
"UI_MissionDesc_4",2586972265635847,"All different 3 stars Character","서로 다른 3성 캐릭터 모두 보유"
"UI_MissionDesc_5",2586972265635848,"The first 3 stars Character","최초 3성 캐릭터 보유"
"UI_MissionDesc_6",2586972265635849,"The first 4 stars Character","최초 4성 캐릭터 보유"
"UI_MissionDesc_7",2586972265635850,"Three Character with the same 1 star","동일한 1성 캐릭터 3마리 보유"
"UI_MissionDesc_8",2586972265635851,"Three Character with the same 2 stars","동일한 2성 캐릭터 3마리 보유"
"UI_ProfileGuide_1",2586972265635852,"Built-In","기본 제공"
"UI_Character_1",2586972265635853,"Pengo","펭고"
"UI_Character_2",2586972265635854,"Fortis","포티스"
"UI_Character_3",2586972265635855,"Meosk","머스크"
"UI_Character_4",2586972265635856,"Cub Foxy","견습생 폭시"
"UI_Character_5",2586972265635857,"Razy","레이지"
"UI_Character_1001",2586972265635858,"Polar Fizz","폴라피즈"
"UI_CharacterInfo_1",2586972265635859,"I am the great Pengo of the Pengo family!
Take the snowball of justice!","나는 펭고 가문의 위대한 펭고님이시다!
정의의 눈덩이를 받아라!"
"UI_CharacterInfo_2",2586972265635860,"Everything is bound to be equal on a single shell.","모든 것은 포탄 한 발에 평등해지기 마련입니다."
"UI_CharacterInfo_3",2586972265635861,"Hey, kid!
Isn't my horn wonderful?","이봐 꼬맹이!
내뿔 근사하지 않아?!"
"UI_CharacterInfo_4",2586972265635862,"I'm not confident in combat...
Can my magic really help…?","나는 전투에는 자신이 없어…
과연 내 마법이 도움 될 수 있을까…?"
"UI_CharacterInfo_5",2586972265635863,"Don't call me Lazy!
It's just, it's just... annoying!","나는 절대 게으르지 않아!
단지, 귀찮을 뿐이야!"
"UI_CharacterInfo_1001",2586972265635864,"I... It's not a mussel…","저는… 홍합이 아니에요…"
"UI_CharacterAttack_1",2586972265635865,"Throw a snowball at a distant enemy.","먼거리의 적에게 눈덩이를 던집니다."
"UI_CharacterAttack_2",2586972265635866,"Fire shells at enemies to cause Splash Damage.","적에게 포탄을 발사하여 확산 피해를 줍니다."
"UI_CharacterAttack_3",2586972265635867,"It hits a nearby enemy and causes relatively high damage.","가까운 적에게 박치기하여 비교적 높은 피해를 입힙니다."
"UI_CharacterAttack_4",2586972265635868,"Grant a buff to nearby allies, increasing their attack power. (Redundant)","근처 아군에게 버프를 제공하여 공격력을 상승시킵니다.  (중첩가능)"
"UI_CharacterAttack_5",2586972265635869,"Fires a crescent-shaped object to slow down the target.","초승달 모양의 물체를 발사하여 대상을 느리게합니다."
"UI_CharacterAttack_1001",2586972265635870,"Attacks the nearest single enemy.","가장 가까운 단일 적을 공격합니다."
"UI_Store_1",2586972269830144,"Small Energy","소량 에너지"
"UI_Store_2",2586972269830145,"Large Energy","대량 에너지"
"UI_Taika_English",2586972269830146,"Taika","Taika"
"UI_Taika_Korean",2586972269830147,"Taika","타이카"
"UI_Staika_English",2586972269830148,"Staika","Staika"
"UI_Staika_Korean",2586972269830149,"Staika","스타이카"
"UI_Digitalproperty",2586972269830150,"Digital Property","디지털자산"
"UI_Count_TIK",2586972269830151,"{0} TIK","{0} TIK"
"UI_Count_STIK",2586972269830152,"{0} STIK","{0} STIK"
"UI_Nickname",13592124351045632,"Nickname","닉네임"
"UI_Confirm",13592124359434240,"Confirm","확인"
"UI_Sound",13592124359434241,"Sound","사운드"
"UI_Effect",13592124359434242,"Effect","이펙트"
"UI_BGM",13592124359434243,"BGM","배경음"
"UI_Language",13592124359434244,"Language","언어"
"UI_Account_Connect",13592124359434245,"Account","계정연결"
"UI_Logout",13592124359434246,"Logout","로그아웃"
"UI_Google_Connect",13592124359434247,"Google Connected","Google 연동됨"
"UI_Support",13592124359434248,"Support","지원"
"UI_TermsConitions",13592124359434249,"Terms & Conditions","이용약관"
"UI_Operation Policy",13592124359434250,"Operation Policy","운영정책"
"UI_Distribute_Desc",13592124359434251,"TIK is distributed daily at UTC + 0 o'clock.","TIK은 매일 UTC+0시에 맞추어 배분됩니다."
"UI_Today",13592124359434252,"Today","오늘"
"UI_Yesterday",13592124359434253,"Yesterday","어제"
"UI_SUN",13592124359434254,"SUN","일"
"UI_MON",13592124359434255,"MON","월"
"UI_TUE",13592124359434256,"TUE","화"
"UI_WED",13592124359434257,"WED","수"
"UI_THU",13592124359434258,"THU","목"
"UI_FRI",13592124359434259,"FRI","금"
"UI_SAT",13592124359434260,"SAT","토"
"ENERGY_1",13592124359434261,"Energy charge","에너지 충전"
"ENERGY_2",13592124359434262,"Energy charge","에너지 충전"
"UI_Grade_2",13592124359434264,"Uncommon","레어"
"UI_Grade_6",13592124359434265,"Epic","에픽"
"UI_Assign",13592124359434268,"Assign","배치"
"UI_Cancel",13592124363628544,"Cancel","취소"
"UI_Change_Desc",13592124363628545,"You can change it by touching it.","터치하여 변경할 수 있습니다."
"UI_Taika",13592124363628546,"Taika","Taika"
"UI_Complete",13592124363628547,"Complete","완료"
"UI_GameOver",13592124363628548,"GameOver","게임 오버"
"UI_Token_Desc",13592124363628549,"Good job! Get a higher GO score!
We will change the accumulated GO score at UTC +0 o'clock to TIK every day.","잘했어! 더 높은 GO점수를 쌓아봐!
매일 UTC +0시에 누적된 GO점수를 TIK로 변경해줄거야"
"UI_EXIT",13592124363628550,"EXIT","EXIT"
"UI_Home",13600546928713728,"Battle","배틀"
"UI_Shop",13600606101954560,"Shop","상점"
"UI_Inventory",13600612179501056,"Inventory","인벤토리"
"UI_Wallet",13600613144190976,"Wallet","지갑"
"UI_Essential_TermsContions",14126663758503936,"(Essential) Terms and Conditions","(필수) 이용약관"
"UI_Essential_PrivacyPolicy",14126766070161408,"(Essential) Privacy Policy","(필수) 개인정보 수집 및 이용 동의"
"UI_Optional_MarketingConsent",14126836341530624,"(Optional) Marketing Consent","(선택) 마케팅 동의"
"UI_SignInGoogle",14212627902226432,"Sign in with Google","Google로 로그인"
"UI_AgreeOnce",14225272445329408,"Agree at Once","모두 동의하고 시작"
"UI_Start",14225308252102656,"Start","시작"
"UI_Earn",14552917984927744,"Earn","획득"
"BLACKLIST_NICKNAME",22824251319902208,"<color=#FF0000>There is a forbidden word.</color>","<color=#FF0000>사용할 수 없는 단어가 포함되어 있습니다.</color>"
"WELCOME",22929340529369088,"WELCOME~~","환영합니다~~"
"DAILY_REWARD",22929407998943232,"Daily Reward","획득한 GO점수 Tik으로 전환"
"ADMIN_REWARD",22929631387574272,"Admin Reward","테스트용 임의 지급"
"CHANGE_NICKNAME",24261988090634240,"Change Nickname","닉네임 변경"
"UI_UpdateStore",25359357142097920,"There is a new update. 
Do you want to proceed with the download?","새로운 업데이트가 있습니다. 
다운로드 진행하시겠습니까?"
"UI_SignInApple",27601029041217536,"Sign in with Apple","Apple로 로그인"
"UI_NicknameImpossible",27884827981111296,"<color=#FF0000>This nickname is not available.</color>","<color=#FF0000>사용할 수 없는 닉네임입니다.</color>"
"UI_Withdrawal_Game",32302662656450560,"Withdrawal","회원탈퇴"
"UI_Withdrawal_UAA",32302818072190976,"<color=#808080>WHY?!</color>","<color=#808080>아니, 왜 그러시죠?</color>"
"UI_Withdrawal_UAA_Desc",32302973458571264,"<color=#FF0000>Upon withdrawal, all data will be deleted after the grace period (14 days).</color>","<color=#FF0000>*회원 탈퇴 후, 14일 이내에 복구가 가능합니다.</color>"
"UI_Withdrawal_Desc",32303052533784576,"What's the reason for leaving?
(You do not need to submit a reason.)","탈퇴하는 이유가 무엇일까요?
(사유를 제출하지 않아도 됩니다.)"
"UI_UAA_Recover",32303660535898112,"Do you want to recover your account?","계정을 복구 하시겠습니까?"
"UI_Loading_1",33013650699575296,"Loading game resources...
Mobile data is not used during loading.","게임 리소스를 로드중입니다...
로드중에는 데이터가 사용되지 않습니다."
"UI_Ad_Price",34834860659957760,"Free","무료"
"ENERGY_AD_1",34841410665439232,"Energy 10 Purchase","에너지 10 구매"
"UI_MissionDesc_9",44990968301084672,"Three Character with the same 3 stars","동일한 3성 캐릭터 3마리 보유"
"UI_Character_101",50061844767825920,"Carona Pengo","카로나 펭고"
"UI_Character_201",50786266118086656,"Lemming Rich","레밍리치"
"UI_Character_301",73906246791454720,"Patrol","패트롤"
"UI_Character_401",73906248582422528,"Emperor Pengo","황제 펭고"
"UI_Character_402",73906250654408704,"White Magician Foxy","백마법사 폭시"
"UI_Character_403",73906251874951168,"Black Magician Foxy","흑마법사 폭시"
"UI_Character_102",73906253019996160,"Kiring","키링"
"UI_Character_103",73906255427526656,"Dark Razy","다크레이지"
"UI_MissionDesc_10",90568925379551232,"Four Lemming Rich with the same 3 stars","3성 레밍리치 4마리 보유"
"UI_Delete",94180050708979712,"Delete","삭제"
"UI_FieldBuff",94180050725756928,"Field Buff","필드버프"
"UI_FieldBuff_INCREASE_CRITICAL_RATE",94180050725756929,"Critical Increase Per {0}","크리티컬 확률 증가 {0}"
"UI_Stat_ATTACK_DAMAGE",94180050725756930,"Basic Attack","공격력"
"UI_Stat_ATTACK_SPEED",94180050725756931,"Attack Speed","공격속도"
"UI_Stat_INCREASE_ATTACK_SPEED",94180050725756932,"Attack Speed Up","공격속도 상승"
"UI_Stat_DETECT_RANGE",94180050725756933,"Range","사거리"
"UI_Stat_INCREASE_DETECT_RANGE",94180050725756934,"Range Up","사거리 상승"
"UI_Stat_TARGET_COUNT",94180050725756935,"Target Count","대상 수"
"UI_Stat_STRIKE_RANGE",94180050725756936,"Splash Range","확산피해 범위"
"UI_Stat_BUFF_VALUE",94180050725756937,"Basic Cast","버프량"
"UI_Stat_BUFF_CYCLE",94180050725756938,"Cast Cooldown","버프주기"
"UI_Stat_BUFF_DURATION",94180050725756939,"Cast Time","지속시간"
"UI_Stat_BUFF_RANGE",94180050725756940,"Cast Range","적용범위"
"UI_Stat_WAVE_DAMAGE",94180050725756941,"Wave Damage","웨이브 데미지"
"UI_Stat_SLOW_RATE",94180050725756942,"Speed Down","슬로우"
"UI_Stat_SLOW_TIME",94180050729951232,"Duration","지속시간"
"UI_Stat_ADD_CRITICAL_RATE",94180050729951233,"Critical Increase Per","크리티컬 확률 증가"
"UI_Stat_GET_GEM_VALUE",94180050729951234,"Get Water Drop","물방울 획득"
"UI_Stat_STUN_TIME",94180050729951235,"Stun Time","기절시간"
"UI_Stat_EXCUTION_HEALTH_RATE",94180050729951236,"Insta-kill Condition","일격처치 조건"
"UI_Stat_BERSERKER_ATTACK_DAMAGE",94180050729951237,"Berserker ATK","광분 데미지"
"UI_Stat_BERSERKER_ATTACK_SPEED",94180050729951238,"Berserker ATS","광분 공격속도"
"UI_Stat_BLACKMAGIC_DAMAGE",94180050729951239,"Bonus Damage","어둠 데미지"
"UI_Stat_SLOW_BOARD_TIME",94180050729951242,"Slow Board Time","장판 지속시간"
"UI_Stat_TRANSFORM_TIME",94180050729951243,"Patrol Time(sec)","변신 지속시간"
"UI_Stat_TRANSFORM_CYCLE",94180050729951244,"Patrol Cooldown","변신 주기"
"UI_Stat_TRANSFORM_ADDITIVE_ATTACK_SPEED",94180050729951245,"Patrol ATS Up","변신 공격속도"
"UI_Stat_GAIN_GEM_RATE",94180050729951246,"Refund Rate","판매비용 전환율"
"UI_Character_202",94180050729951247,"Basic Wolf","베이직 울프"
"UI_Character_203",94180050729951248,"Willow","윌러"
"UI_Character_302",94180050729951249,"Beosk","버스크"
"UI_Character_1101",94180050729951250,"Shapid","샤피드"
"UI_Character_1201",94180050729951251,"Turtlia","터틀리어"
"UI_Character_1301",94180050729951252,"Kanade","카나데"
"UI_Character_1401",94180050729951253,"Highnickel","하이니켈"
"UI_CharacterAttack_101",94180050734145536,"Throw an icicle at a distant enemy. Icicles cause additional damage in proportion to the distance.","먼거리의 적에게 고드름을 던집니다. 고드름은 거리에 비례하여 추가 피해가 발생합니다."
"UI_CharacterAttack_102",94180050734145537,"Kiring sacrifices his land first with a commitment to anyone.","키링은 누구에게나 헌신적인 태도로 자신의 땅을 먼저 희생시킵니다."
"UI_CharacterAttack_103",94180050734145538,"Dark Ridge fires two crescent spheres. The crescent sphere slows down the opponent, just like the Lazy.","두 개의 초승달 구체를 발사합니다. 초승달 구체는 레이지와 마찬가지로 상대를 느리게합니다."
"UI_CharacterAttack_201",94180050734145539,"When selling a 4-star lemmingrich, you can get additional droplets. Also, they are hiding hidden missions.","4성 레밍리치를 판매할 시, 추가 물방울을 얻을 수 있습니다. 또한, 히든 미션을 숨기고 있습니다."
"UI_CharacterAttack_202",94180050734145540,"Basic wolf deals 2 times more critical damage.","아기 늑대는 2배의 크리티컬 데미지를 입힙니다."
"UI_CharacterAttack_203",94180050734145541,"If there are no allies within a space nearby, it becomes a runaway.
In the event of a runaway, additional attack power and additional attack speed are obtained.","근처 1칸이내에 아군이 없다면 폭주 상태가 됩니다.
폭주 시, 추가 공격력과 추가 공격속도를 얻습니다."
"UI_CharacterAttack_301",94180050734145542,"It transforms every hour and attacks very fast.","일정 시간마다 변신하여 매우 빠른 속도로 공격합니다."
"UI_CharacterAttack_302",94180050734145543,"When attacking, if the enemy's physical strength is below a certain level, he will kill the target with a single blow.","공격을 가했을 때, 적의 체력이 일정 이하라면 일격에 대상을 처치합니다."
"UI_CharacterAttack_401",94180050734145544,"launch a powerful ice structure in far distance.
Ice concrete leaves a circular plate
Monsters passing through the chapter is slow.","먼 거리에서 강력한 얼음 구체를 발사합니다.
얼음 구체는 원형 장판을 남기며,
장판을 지나는 몬스터는 모두 느려집니다."
"UI_CharacterAttack_402",94180050734145545,"Fire an electric current at the monster. Electricity is transmitted around the electrocuted enemy, and the attack continues until the first electrocuted enemy dies.","몬스터에게 전류를 발사합니다. 감전당한 적을 중심으로 전기가 전이되며, 최초로 감전당한 적이 죽을때까지 공격이 지속됩니다."
"UI_CharacterAttack_403",94180050734145546,"Fire a single dark sphere, leaving a dark mark. When four dark markers overlap, additional damage occurs.","단일 어둠 구체를 발사하여 어둠 표식을 남깁니다. 어둠 표식은 4개가 중첩될 시, 추가 피해가 발생합니다."
"UI_CharacterAttack_1101",94180050734145547,"Damage goes up every time the wave passes.","웨이브가 지날때마다 데미지가 상승합니다."
"UI_CharacterAttack_1201",94180050734145548,"Fire a water cannon to slow the target.","물대포를 발사하여 대상을 느리게합니다."
"UI_CharacterAttack_1301",94180050734145549,"I pick things up from the sea every other cycle","일정 주기마다 바다에서 물건을 주워옵니다. (꽝/물방울/폭탄)"
"UI_CharacterAttack_1401",94180050734145550,"When highnickel appears, all monsters present in the field are caught in the stun.","하이니켈이 등장할 때, 필드에 존재하는 모든 몬스터가 스턴에 걸립니다."
"UI_CharacterInfo_101",94180050734145551,"I'm not like that green throwing a snowball!","나는 눈덩이나 던지는 저 애송이와는 다르다고!"
"UI_CharacterInfo_102",94180050734145552,"I'm always trying for the happiness and well-being of others.
But… why are you putting me on the edge…?","언제나 다른 이들의 행복과 안녕을 위해 노력하고 있어요.
하지만… 왜 저를 모퉁이에 세우시는 거죠…?"
"UI_CharacterInfo_103",94180050734145553,"Hell, I hate being busy...!
Hey foxy!","젠장, 바쁜건 딱 질색인데 말이야!"
"UI_CharacterInfo_201",94180050734145554,"Environment? Trash? What's so important!
The most important thing is money!","환경? 쓰레기? 그까짓게 뭐가 중요해!
가장 중요한건 돈이야!"
"UI_CharacterInfo_202",94180050734145555,"Wait a minute...!
 I got my nails done !!","잠깐만…!
네일 받은 지 얼마 안 됐단 말이야!"
"UI_CharacterInfo_203",94180050734145556,"Don't get in the way of it.","걸리적거리지말고 썩 꺼져라."
"UI_CharacterInfo_301",94180050734145557,"Freedom and rest... Everyone needs a place to rest.","자유와 휴식… 쉴 수 있는 공간은 누구에게나 필요한 법이오."
"UI_CharacterInfo_302",94180050734145558,"It's a horn that's been beaten a thousand times!","이것이야 말로 천 번 두들겨 만든 뿔이다!"
"UI_CharacterInfo_401",94180050734145559,"The glacier is a burden!
Recall that breaking glaciers is a challenge to luggage!
You have the honor of guarding your luggage!","빙하는 곧 짐이다!
빙하가 깨진다는 것은 짐에 대한 도전임을 상기하라!
짐을 지킨다는 것에 명예가 있으리!"
"UI_CharacterInfo_402",94180050734145560,"Electric magic is full of bright light and energy.
I'm proud to light up the surroundings and protect the glaciers and the surrounding environment with the power to defeat the darkness.
House...I'm obsessed with it!","전기 마법은 밝은 빛과 에너지로 가득 차 있어요.
나는 주변을 화려하게 밝히고, 어둠을 무찌르는 힘으로 빙하와 주변 환경을 보호하는 것이 자랑스러워요.
집…집착은 있지만요!"
"UI_CharacterInfo_403",94180050734145561,"Why protect the glacier? I'm not interested in that sort of thing.
If you want help, why don't you dye the ice black?","빙하를 지키는 이유? 그딴거에 관심 없어.
도움 받고 싶다면 그 빙판을 검게 염색이라도 하지 그래!?"
"UI_CharacterInfo_1101",94180050734145562,"Bang! Bang! Bang! Doo Doo Doo Doo Doo!
How does my water gun taste!","빵야 빵야! 두두두두두!
내 물총 맛이 어떠냐!"
"UI_CharacterInfo_1201",94180050734145563,"The Dragon Palace... She disappeared with the little mermaid!","용궁이… 인어 공주님과 함께 사라졌어요!"
"UI_CharacterInfo_1301",94180050734145564,"Please don't throw away the net!!! Please!","제발 그물망은 버리지 마세요!!! 제발!"
"UI_CharacterInfo_1401",94180050734145565,"What! I get tired easily?!
How dare you! why don`t you try electric!","뭐! 내가 금방 지친다고?!
네가 한 번 전기를 만들어봐!"
"UI_Buy_Complete",94180050734145566,"Complete","구매 완료"
"UI_Energy_Store_Desc",94180050734145567,"Do you want to recharge your energy?","에너지를 충전하시겠습니까?"
"UI_Grade_0",94180050738339840,"Common","일반"
"UI_Grade_4",94180050738339841,"Rare","유니크"
"UI_Grade_9",94180050738339842,"Legendary","전설"
"UI_Mission",94180050738339843,"Mission","미션"
"UI_MissionGroup_4",94180050738339844,"Power of Union","조합원의 힘"
"UI_Withdrawal_Confirm",94180050742534144,"Withdrawal","탈퇴하기"
"UI_Loading_2",94180050742534145,"Get the best record and challenge the ranking!","최고 기록을 달성하고 랭킹에 도전해보세요!"
"UI_Loading_3",94180050742534146,"The horns of Beosk were made by Hammering!","버스크의 뿔은 해머링이 만들어줬답니다!"
"UI_Loading_4",94180050742534147,"Weekly rankings are counted every Wednesday.","위클리 랭킹은 매주 수요일에 집계됩니다."
"UI_Loading_5",94180050742534148,"Why don't you use a tumbler rather than a disposable cup?","일회용 컵보다 텀블러를 사용해보는 건 어떨까요?"
"UI_Loading_6",94180050742534149,"Generating icicles...","고드름 얼려오는 중..."
"UI_Loading_7",94180050742534150,"Fortis feels sorry for Foxy, who was ruled by black magic…","포티스는 흑마법에 지배당한 폭시를 안타까워한답니다…"
"UI_Loading_8",94180050742534151,"I'm bringing in friends to fight with.","함께 싸울 친구들을 불러오고 있어요."
"UI_Loading_9",94180050742534152,"Pengo are a famous penguin family in Antarctica!","펭고는 남극에서 유명한 펭귄 가문이에요!"
"UI_Loading_10",94180050742534153,"Lemmingrich stole the treasures of the Pengo family.","레밍리치는 펭고 가문의 보물을 훔쳐 달아났답니다."
"UI_Loading_11",94180050742534154,"Use your friends' characteristics to use various strategies!","친구들의 특성을 이용해 다양한 전략을 구사해보세요!"
"UI_Loading_12",94180050742534155,"The performance of all characters comes at a level that matches the level.","모든 캐릭터의 성능은 레벨에 걸맞는 수준으로 제공됩니다."
"UI_Loading_13",94180050742534156,"Willow! The ice is too narrow to wield a big knife.","윌러! 큰 칼을 휘두르기에는 빙판이 너무 좁습니다."
"UI_Loading_14",94180050742534157,"Drag the same character(friends) to merge it!","똑같이 생긴 친구들을 드래그하여 합성해보세요!"
"UI_Loading_15",94180050742534158,"You can get an extra bonus if you have more than 50 drops!","보유한 물방울이 50개 이상일 때 추가 보너스를 받을 수 있어요!"
"UI_Loading_16",94180050742534159,"Summon the boss and get him! You can get water droplets!","보스를 소환하여 잡아주세요! 추가 물방울을 획득할 수 있어요!"
"UI_Loading_17",94180050742534160,"Hurry up! The ice is melting.","서둘러요! 얼음이 녹고 있잖아요."
"UI_Loading_18",94180050742534161,"If you miss a litter, the glaciers will break!","쓰레기 무리를 놓치면 빙하가 깨져요!"
"UI_Loading_19",94180050742534162,"Polaris is the sheriff of the Pengo family.","폴라리스는 펭고 가문의 보안관이랍니다."
"UI_Loading_20",94180050742534163,"Team up with unique friends and strategize!","개성 넘치는 친구들로 팀을 구성하고 전략을 세워보세요!"
"UI_Loading_21",94180050742534164,"Razy is always late.","레이지는 항상 지각을 한답니다."
"UI_Loading_22",94180050742534165,"Join the official community through Discord
And take part in various benefits and events!","디스코드를 통해 공식 커뮤니티에 참여하고
각종 혜택과 이벤트에 참여해 보세요!"
"UI_DailyReward",94180050742534166,"Daily Reward","일일 랭킹 보상"
"UI_DailyReward_Desc",94180050742534167,"The reward was obtained according to the accumulated GO score on the day.
Try to get a high score today!","모아놓은 GO점수에 따라 보상을 획득했어!
오늘도 높은 점수를 향해 도전해보자!"
"UI_LastDailyReward",94180050742534168,"Daily Rank Reward","데일리 랭킹보상"
"UI_Receive",94180050742534169,"Receive","받기"
"UI_TodayScore",94180050742534170,"Today Score","Today Score"
"UI_Reward_Guide",94180050742534171,"What is this score?","오늘의 점수"
"UI_Reward_Guide_Desc",94180050742534172,"Please help me deal with the incoming waves of garbage! By handling the garbage or completing in-game missions, you can earn GO!
































































































































Your rank will be determined based on the accumulated GO for the day, and every day at {0} o'clock, I'll exchange them for TIK according to your rank!","몰려오는 쓰레기 무리들을 처리해줘!
쓰레기를 처리하거나 게임 내 임무를 수행하면
GO를 얻을 수 있을거야!

당일 쌓인 GO에 따라 순위가 정해지고
매일 {0}시에 순위에 따라 TIK으로 교환해줄거야!"
"UI_Guide",94180050742534173,"Guide","도움말"
"UI_Korean",94180050742534174,"한국어","한국어"
"UI_English",94180050742534175,"English","English"
"UI_Policy",94180050742534176,"Policy","정책"
"UI_Account",94180050742534177,"Account","계정"
"UI_Common_Store",94180050742534178,"Common","일반 상점"
"UI_Currency_Store",94180050742534179,"Currency","재화 충전"
"UI_Special_Store",94180050742534180,"Special","특별 상점"
"UI_Glacier_Store",94180050742534181,"Glacier Character","빙하"
"UI_Ocean_Store",94180050742534182,"Ocean Chacracter","바다"
"UI_Refund_Desc",94180050746728448,"Subscription withdrawal is possible within 7 days from the date of purchase.
(However, it is not possible to use a box that opens immediately or in part)","청약철회는 구매일로부터 7일 이내 가능합니다.
(단, 즉시 개봉되는 상자를 사용하거나 일부 사용 시 불가함)"
"UI_SeeMore",94180050746728449,"More","자세히보기"
"UI_Glacier_Category",94180050746728450,"Glacier Collection","빙하 캐릭터"
"UI_Ocean_Category",94180050746728451,"Ocean Collection","바다 캐릭터"
"UI_Unowned_Category",94180050746728452,"Unowned Collection","미보유 캐릭터"
"UI_Inbox",94180050746728453,"Inbox","우편함"
"UI_MSG_Inbox_Delete",94180050746728454,"Are you sure you want to delete it?","정말로 삭제하시겠습니까?"
"UI_Yes",94180050746728455,"Yes","예"
"UI_No",94180050746728456,"No","아니오"
"UI_Battle",94180050746728457,"Battle","배틀"
"UI_Go_Collect",94180050746728458,"Collect","Go 수집"
"UI_Tik_Swap",94180050746728459,"Swap","Tik 교환"
"UI_Inbox_Read_Delete",94180050746728460,"Delete Read Mail","읽은 메일 삭제"
"UI_All_Receive",94180050746728461,"All Receive","모두 수령"
"UI_Notice",94180050746728462,"Notice","안내"
"UI_Deploy",94180050746728463,"Deploy","배치하기"
"UI_Classup",94180050746728464,"Level Up","레벨업"
"UI_Friend_",94180050746728465,"Friendly Friend","어울리는 친구들"
"UI_Friend_Best",94180050746728466,"Best Teamwork","베스트 팀워크"
"UI_Change",94180050746728467,"Change","변경하기"
"UI_Edit",94180050746728468,"Edit","변경"
"UI_Purchase_Check",94180050746728469,"Purchase Check","구매확인"
"UI_Open_1",94180050746728470,"Open Once","1회 열기"
"UI_Open_10",94180050746728471,"Open 10<color=#FFF7A3><size=32> +1</color>","10회 열기<color=#FFF7A3><size=32> +1회</color>"
"UI_Result",94180050746728472,"Result","결과"
"UI_Skip",94180050746728473,"Skip","Skip"
"UI_BestWave",94180050746728474,"Best Wave","베스트 웨이브"
"UI_Podium",94180050746728475,"Podium","포디움"
"UI_Wallet_History",94180050746728476,"Wallet History","지갑내역"
"UI_Balance",94180050746728477,"Balance","Balance"
"UI_Withdrawal_Desc_Exam",94180050746728478,"ex)Lack of game content.","ex)게임 컨텐츠가 부족합니다."
"UI_Today_Reward",94180050746728479,"Today Score","Today Score"
"UI_Chest",94180050746728480,"Chests","상자"
"UI_Energy_Charger",94180050746728481,"Energy Charger","에너지 충전"
"UI_Currency_Charger",94180050746728482,"Currency Charger","재화 충전소"
"UI_Free",94180050746728483,"Free","Free"
"UI_Glacier_Collection",94180050746728484,"Glacier Friends","빙하 친구들"
"UI_Ocean_Collection",94180050746728485,"Ocean Friends","바다 친구들"
"UI_Undiscovered",94180050746728486,"Undiscovered Friends","발견하지 못한 친구들"
"UI_Reward_Pool",94180050746728487,"Reward Pool","Reward Pool"
"UI_Charge",94180050746728488,"Charge","충전하기"
"UI_Wave",94180050746728489,"Wave","Wave"
"UI_Go_Home",94180050746728490,"Home","홈으로"
"UI_Continue",94180050746728491,"Continue","계속하기"
"UI_Get_GO",94180050746728492,"Get GO","획득한 GO"
"UI_Stat_TRANSFER_DAMAGE_RATE",94277592201289728,"Transefer Damage","전이 데미지"
"UI_Stat_TRANSFER_COUNT",94277592209678336,"Transefer Count","전이 수"
"UI_Stat_SLOW_BOARD_RATE",94277592209678337,"Speed Down","슬로우"
"UI_Stat_BOMB_DAMAGE",94277592209678338,"Bomb Damage","물폭탄 데미지"
"UI_Tutorial_Click",94277592230649856,"Click!","클릭!"
"UI_Tutorial_2",94277592230649857,"After the count, trash guys will appear, so please summon us 4 times using <color=#5AF8FF>Water droplets!</color>","카운트가 지나면 쓰레기 녀석들이 출몰하니 <color=#5AF8FF>물방울</color>을 사용하여 우리를 4번 소환해줘!"
"UI_Tutorial_3",94277592230649858,"You collected <color=#5AF8FF>droplets</color> by clearing the trash!
Summon more and try <color=#C0FF9E>merging</color> them!","쓰레기를 처리해서 <color=#5AF8FF>물방울</color>을 모았어!
더 소환시켜서 <color=#C0FF9E>합성</color>을 진행해보자!"
"UI_Tutorial_4",94277592230649859,"<color=#C0FF9E>You have the same character!
</color>
Drag and synthesize the two characters!
When synthesized, stronger colleagues appear as <color=#FAB6FF>random</color>.","<color=#C0FF9E>동일한 캐릭터가 생겼어</color>
두 캐릭터를 <color=#FAB6FF>드래그해서 합성</color>해봐!
합성하면 더 강한 동료가 <color=#FAB6FF>랜덤</color>하게 나타날거야."
"UI_Tutorial_5",94277592230649860,"Since we got a strong character, shall we summon <color=#FFA9A2>Boss Monster</color>?","강한 캐릭터를 구했으니, <color=#FFA9A2>보스몬스터</color>를 소환해보자!"
"UI_Tutorial_6",94277592230649861,"You got <color=#5AF8FF>Water droplets</color> by killing <color=#FFA9A2>Boss Monster</color>
Should we summon more friends with the water drops we got?","<color=#FFA9A2>보스몬스터</color>를 처치해서
보상으로 많은 <color=#5AF8FF>물방울</color>을 얻었어!
획득한 <color=#5AF8FF>물방울</color>로 친구들을 더 소환해보자!"
"UI_Tutorial_7",94277592230649862,"<color=#C0FF9E>You cleared the mission!</color>
There are other missions besides the cleared ones, so please refer to the icon on the upper right!","<color=#C0FF9E>미션 성공!</color> 잘했어!
우측 상단의 미션 아이콘을 누르면
다양한 미션을 확인할 수 있어"
"UI_Tutorial_8",94277592230649863,"One more drop per <color=#C0FF9E>50</color> <color=#5AF8FF>Water droplets!</color>","이제 <color=#C0FF9E>이자</color>에 대해 알려줄게
웨이브가 끝날때마다 <color=#5AF8FF>50개의 물방울</color>당
<color=#C0FF9E>1개의 물방울</color>을 더 얻을 수 있어"
"UI_Tutorial_9",94277592230649864,"You can play the game more strategically through <color=#FFA9A2>Boss Monster</color>, <color=#FFFFFF>Mission</color>, <color=#C0FF9E>Interest</color>","<color=#FFA9A2>보스몬스터</color>, <color=#FFFFFF>미션</color>, <color=#C0FF9E>이자</color>를 통해
더 전략적으로 게임해봐!"
"UI_Tutorial_10",94277592230649865,"Ugh! If you miss the trash, <color=#FFA9A2>the glaciers will disappear!</color>","으악! 쓰레기를 놓치면 <color=#FFA9A2>빙하가 사라져!</color>"
"UI_Tutorial_11",94277592230649866,"Use <color=#5AF8FF>Water droplets</color> to <color=#FAB6FF>upgrade!</color> 
Then, We can become stronger.","<color=#5AF8FF>물방울</color>을 소모해서 <color=#FAB6FF>업그레이드</color>를 할 수 있어
그럼 더 강해질 수 있을거야!"
"UI_Tutorial_12",94277592230649867,"The more characters you have, the better efficiency you'll get, right?","같은 캐릭터가 많을 수록 더 효율적이겠지?"
"UI_Tutorial_13",94277592230649868,"Thanks! That's the end of the game tutorial.
Shall we check the <color=#C0FF9E>rewards</color> based on the rankings one last time?","고마워! 게임 설명은 모두 끝났어
마지막으로 순위에 따른 <color=#C0FF9E>보상</color>을 확인해볼까?"
"UI_Tutorial_14",94277592230649869,"Compete with <color=#FAB6FF>players worldwide</color> for the weekly top score and earn <color=#FAB6FF>various rewards</color>!","주간 최고 기록으로 <color=#FAB6FF>전세계 유저</color>들과 경쟁하고
<color=#C0FF9E>다양한 보상</color>을 획득해봐!"
"BOX_NORMAL",96518716701794304,"Normal Box","일반 상자"
"BOX_SILVER",96518789976285184,"Silver Box","실버 상자"
"BOX_GOLD",96518792144740352,"Gold Box","골드 상자"
"UI_Inbox_Expiration_Date",96791181405814784,"{0}d {1}h {2}m","{0}일 {1}시간 {2}분"
"UI_Energy",96806665955827712,"Energy","에너지"
"UI_Staika",96806731521187840,"Staika","스타이카"
"New Entry",98244753192484864,"Who's lucky?
{0} kill level boss and try get STIK box!","행운의 주인공은 누구?!
{0}레벨 보스를 잡고 STIK상자를 획득해보세요!"
"New Entry 1",98245241472385024,"The STIK box appears with a low probability.","STIK상자는 낮은 확률로 드랍됩니다.
"
"New Entry 2",98245469822877696,"Beta Event Guide","베타 이벤트 안내"
"New Entry 3",98245593928138752,"Event Mission Reward","이벤트 미션 보상
"
"New Entry 4",98245741576028160,"Congratulations!
Get the rewards in your mailbox!","축하해요!
베타 이벤트에 당첨되었어요!
우편함에서 보상을 획득해주세요!
"
"SIGN_UP_GIFT",98535836489187328,"Sign-up Gift","신규가입 선물"
"INAPP_TIK",98535836552101888,"TIK Charging","TIK 충전"
"EVENT_REWARD",98535836552101889,"Event Chest","이벤트 상자"
"CLASSUP_TIK",98535836552101890,"Level Up","레벨업"
"ENERGY",98535836552101891,"Energy Charging","에너지 구매"
"INBOX_REWARD_STIK",98535836552101892,"Inbox Provide","우편함 지급"
"INBOX_REWARD_TIK",98535836552101893,"Inbox Provide","우편함 지급"
"UI_BetaNotice",98566144812638208,"It is currently running in beta.
STIK acquired by beta event can be initialized. ","현재 베타 버전으로 실행 중입니다.
베타 이벤트로 획득한 STIK은 초기화될 수 있습니다."
"UI_Beta_Mission_Title",98623737457639424,"Lv.{0} Boss Kill","{0}레벨 보스 잡기"
"UI_Beta_Mission",98623751479197696,"Event box reward with low probability","낮은 확률로 이벤트 상자 획득"
"UI_InboxEmpty",98920423104724992,"Empty","비어있음"
"UI_EventTitle",98986981415993344,"Event","이벤트"
"UI_BetaEvent_Win_Desc",99015807688761344,"Congratulations!
I won a beta event!
Please win the reward in your mailbox!","축하해요!
베타 이벤트에 당첨되었어요!
우편함에서 보상을 획득해주세요!"
"UI_Event_Mission_Reward",99015842841223168,"Mission Event Reward","이벤트 미션 보상"
"UI_DailyStat",101112789093859328,"Daily Stat","일일 통계"
"NEED_UPDATE_DESC",101518523101446144,"Required update exists.
Do you want to update from the store?","필수 업데이트가 존재합니다.
스토어에서 업데이트 하시겠습니까?
"
"WITHDRAWAL_RESTORE_DESC
",101518665158328320,"Account in process of withdrawal.
Do you want to recover your account?","탈퇴 처리 중인 계정입니다.
계정을 복구하시겠습니까?
"
"DUPLICATION_LOGIN_DESC
",101518890803494912,"Try to connect from another device,
 Log out.","다른 기기에서 접속을 시도하여
로그아웃 합니다.
"
"DEPRIVATION_7",101519364294279168,"Account Suspended 7 days","계정 정지 7일"
"DEPRIVATION_FOREVER",101519496498741248,"Permanent Suspension","영구정"
"DEPRIVATION_DESC",101519691298996224,"The service is unavailable due to violation of in-game regulations.","게임 내 규정사항을 위반하여
서비스를 이용할 수 없는 상태입니다.
"
"CHARACTER_BAN_DESC",101519876603346944,"Character has encountered a problem
Unable to enter the game.
Please check current the deck information.
































































































































Character being equipped : ","캐릭터에 문제가 발생하여
게임에 진입할 수 없습니다.
현재 덱 정보를 확인 해주세요.

장착중인 캐릭터 : "
"INAPP_SUCCESS",101520595356057600,"The product has been paid.","상품이 결제되었습니다.
"
"INAPP_FAILED",101520801506099200,"In-app payment failed.
","인앱 결제에 실패하였습니다."
"EXCHANGE_SUCCESS",101520921547079680,"The exchange has been completed.
","교환이 완료되었습니다.
"
"EXCHANGE_FAILED",101521052019294208,"Exchange failed.","교환에 실패하였습니다."
"EXCHANGE_TIK",101522349007142912,"Exchange Gem","젬 교환
"
"UI_Restore",101523942689202176,"Restore","계정 복구"
"UI_Read",101530685615890432,"Read","읽기"
"SYSTEM_ERROR",101828855434936320,"System error has occurred.","시스템 에러가 발생하였습니다."
"NOT_ENOUGH_CURRENCY",101865224640913408,"Not Enough Currency","재화가 부족합니다."
"UI_Not_Enough_Currency",101867629692575744,"Not Enough Currency","재화가 부족합니다."
"TIK_TO_PTIK",105508512119906304,"Exchange Gem","젬 교환"
"GEM_100",105867003873820672,"Gem Exchange","젬 교환"
"GEM_1000",105867116423774208,"Gem Exchange","젬 교환"
"GEM_10000",105867118688698368,"Gem Exchange","젬 교환"
"UI_GEM_DESC",105867121469521920,"Exchange Gem Complete","젬을 교환하였습니다."
"STIK_EVENT",106219047059030016,"In-app Purchase","젬 구매"
"UI_Gem_Exchange",106219059398672384,"<size=40><sprite=2></size>Exchange GEM","<size=40><sprite=2></size>젬으로 교환"
"UI_Charger",106224426937581568,"Charger","충전"
"Bonus",106227895158980608,"Bonus","보너스"
"UI_Gem_Exchange_Check",106231472651075584,"Exchange Check","교환확인"
"UI_Gem_Exchange_Desc",106231584609632256,"Would you want to exchange GEM?","젬을 교환하시겠습니까?"
"UI_Store",106248059229298688,"Store","상점"
"UI_Toggle_Charger",106248628123721728,"Charger","충전"
"UI_Gem",106885584482459648,"Gem","젬"
"UI_Receipt",106898210117664768,"Receipt","수령 내역"
"UI_Not_Play_Today_Data",108325742509916160,"No same day play data.
","당일 플레이 데이터가 없습니다."
"UI_Not_Play_Wikeely_Data",108325826169503744,"No weekly play data.
","주간 플레이 데이터가 없습니다."
"UI_yetTeamWork",111705705617047552,"I don't have any records of playing yet!","아직 플레이한 기록이 없어요!"
"UI_BestScore",111972396888481792,"Best Score","최고 점수"
"UI_BestBossLevel",111972640980197376,"Best Boss Level","최고 보스 레벨"
"UI_PlayCount",111972759909687296,"Play Count","플레이 횟수"
"UI_Weekly_Now",114627128453332992,"{0} Week","{0} 주"
"UI_Daily",114627223525621760,"Daily","데일리"
"UI_Weekly",114627304802844672,"Weekly","위클리"
"UI_Weekly_Reward",114627361086210048,"Weekly Rank Reward","위클리 랭킹 보상"
"UI_Weekly_Profile_Desc_1",114628054656319488,"Congratulations!
Reward has been paid for ranker {0} the Weekly Rankings!
","축하합니다!
위클리 랭킹 상위 {0}를 달성하여 보상이 지급되었습니다!
"
"UI_Weekly_Profile_Desc_2",114628061455286272,"<size=27><color=#EA1F66> ( Ranker profile is available only during the Weekly )</color></size>","<size=27><color=#EA1F66>( 랭커 프로필은 위클리 기간동안에만 제공됩니다. )</color></size>"
"UI_Profile_Path_Weekly",114628465232543744,"Get Condition: Weekly Rank (7 days maintain)","획득방법: 위클리 랭킹 (7일 유지)
"
"UI_Profile_Path_Character",114628472383832064,"Get Condition: Character Acquired","획득방법: 캐릭터 습득"
"UI_MagicPowder",114629358761902080,"Magic Powder","마법의가루"
"WEEKLY_REWARD",114629425581359104,"Weekly Rank Reward","위클리 랭킹보상"
"UI_Weekly_Guide_Desc",114629585065574400,"Who is this week's record high?!
I'm going to compete with the longest-running game in a week!
Compensation for competition is also prepared, so please refer to it!","이번 주 최고 기록자는 누구일까?!
일주일동안 가장 오래 버틴 경기로 경쟁을 해볼거야!
경쟁에 대한 보상도 준비되어 있으니 참고하도록 해!
"
"UI_weeklyRewards",116019168975798272,"Weekly Rewards","주간랭킹 보상리스트"
"UI_bestWaveDesc",116019470961491968,"Let's compete for the longest wave on a week
and then Get Rewards!","일주일동안 가장 오래 버틴 웨이브로 경쟁하고
보상을 받아보세요!"
"STIK_TO_TIK",129369052112322560,"Exchange To TIK","TIK으로 전환"
"TIK_TO_STIK",129369099671535616,"Exchange To STIK","STIK으로 전환"
"EXCHANGE_DEPOSIT",129716820836188160,"Transfer To STIK Wallet","스타이카 지갑 전송"
"UI_Transfer_StaikaWallet",130873909625323520,"Transfer From Staika Wallet","스타이카 지갑에서 전송"
"UI_TIK_TO_STIK",130874194326290432,"Exchange STIK","스타이카로 전환"
"UI_TIK_TO_GEM",130874223912910848,"Exchange Gem","젬으로 전환"
"UI_STIK_TO_TIK",130874226211389440,"Exchange TIK","타이카로 전환"
"EXCHANGE_WITHDRAWAL",130896009610231808,"Transfer From Staika Wallet","스타이카 지갑에 전송"
"STIK_TO_TIK_DESC",130903314653347840,"The price has been included for the fee {1} based on {0}.","{0} 기준 수수료 {1}가 포함된 가격입니다."
"TIK_TO_STIK_DESC",130903433280847872,"The price has been included for the fee {1} based on {0}.","{0} 기준 수수료 {1}가 포함된 가격입니다."
"UI_StaikaWallet",131598575631065088,"Staika
<size=28><color=#FFBC82>Wallet</color></size>","스타이카
<size=28><color=#FFBC82>지갑</color></size>"
"UI_Tik_To_Stik_Text",131600273552433152,"<size=40><sprite=14></size>Exchange STIK","<size=40><sprite=14></size>STIK으로 교환"
"UI_Tik_To_Gem_Text",131601676232548352,"<size=40><sprite=2></size>Exchange GEM","<size=40><sprite=2></size>젬으로 교환"
"UI_Stik_To_Tik_Text",131601923012812800,"<size=40><sprite=1></size>Exchange TIK","<size=40><sprite=1></size>TIK으로 교환"
"UI_Transfer_Stik_Wallet",131602402128158720,"Transfer To Staika Wallet","스타이카 지갑으로 전송"
"UI_Tranfer_Fee",131605031352786944,"Transfer Fee","전송 수수료"
"UI_Transfer",131868393168953344,"Transfer","전송"
"UI_WeeklyStat",132047423486812160,"Weekly Stat","주간 통계"
"UI_TIK_exchange",132233827365961728,"<size=40><sprite=1></size>Exchange TIK","<size=40><sprite=1></size>TIK으로 교환"
"UI_STIK_exchange",132234703925166080,"<size=40><sprite=14></size>Exchange STIK","<size=40><sprite=14></size>STIK으로 교환"
"UI_Interchanging",132267778329903104,"Interchanging...","교환하는중..."
"UI_Weekly_Ranker_Guide",132278570878074880,"in the Top {0}","{0}등 이내"
"UI_Weekly_Rank_1st",132313903837577216,"Congratulations!
Rewards have been paid for reaching the top of the Weekly Rankings!
","축하합니다!
위클리 랭킹 1위를 달성하여 보상이 지급되었습니다!
"
"UI_Information_Abb",133364254892195840,"Info","정보"
"Transfer_Pending_Desc",133710454520274944,"Request completed.
It may take 2~3 days.","요청이 완료되었습니다.
2~3일이 소요될 수 있습니다."
"PENDING",133710601425772544,"Transfer <color=#69806C>(in progress)</color>","전송 <color=#69806C>(진행중)</color>"
"UI_Community",135888888545689600,"Community","커뮤니티"
"UI_Network_Unstable",136608767295193088,"The network connection is unstable, Please try again later.","네트워크 환경이 불안정합니다.
잠시 후에 다시 시도하십시오."
"EXCHANGE_FAILED_EXCHANGE",136617251933511680,"Please enter at least 10 STIK.","최소 10STIK이상 입력해주세요."
"UI_Event_Store_1_Title",146816809907355648,"Limited Store","기간 한정 상품"
"UI_Event_Store_1_Content",146817095963082752,"Words don’t hit as hard as fists.
You’ll find out soon enough.","말보다는 주먹이 솔직하더라고,
너도 곧 알게 될 거야"
"UI_Event_Store_1_Time",146817285675646976,"Close: {0}","마감: {0}"
"UI_Event_Store_1_Value",146817423945072640,"<size=36>Max</size>
+470%
<size=42><color=#97fffb>Value</color></size>","<size=36>최대</size>
+470%
<size=42><color=#97fffb>가치</color></size>"
"UI_Event_Store_1_Desc",146818497787559936,"Up to <color=#FFEDB4>470%</color> chance of new characters appearing!","신규 캐릭터 등장확률 <color=#FFEDB4>최대 470%</color> 증가!"
"UI_Character_204",147575385789661184,"Davi","다비"
"UI_Character_303",147575385894518784,"Kyle","카일"
"UI_Character_404",147575385894518785,"Polaris","폴라리스"
"UI_Character_1402",147575385894518786,"Korra","코라"
"UI_CharacterAttack_204",147575385894518787,"After a certain period of time, Darby's weapon changes. As the weapon changes, attack power and attack speed increase. (Limit 3 times)","일정 시간이 지나면 다비의 무기가 변경됩니다. 무기가 변경될 수록 공격력과 공격 속도가 상승합니다. (3회 제한)"
"UI_CharacterAttack_303",147575385894518788,"When summoned or fused, if Kyle appears, he grants the power of the dragon to a random ally on the field, boosting their attack power.","소환 및 합성 시, 카일이 등장한다면 필드 내 랜덤한 아군에게 공격력을 상승시키는 용의 힘을 부여합니다."
"UI_CharacterAttack_404",147575385894518789,"After a certain period of time, it grows into one of the characters you've constructed. (Max 5 Stars)
When it reaches 5 stars, the default attack is changed to a splash attack that deals spread damage.","일정 시간이 지나면 구성한 캐릭터 중 하나로 성장합니다. (최대 5성)
5성이 되었을 때, 기본 공격이 확산 피해를 주는 범위 공격으로 변경됩니다."
"UI_CharacterAttack_1402",147575385894518790,"You can recover the lost land after a certain wave.","일정 웨이브가 지났을 때 잃어버렸던 땅을 다시 회복할 수 있습니다."
"UI_CharacterInfo_204",147575385898713088,"Davira, Davira!
The undeniable charm of the unrivaled rabbit!","다비라 다비라!
뒤쳐질 거 없는 토끼의 진정한 매력!"
"UI_CharacterInfo_303",147575385898713089,"Welcome.
Please, have a seat and take your time if you wish to discuss the Dragon Stone. Here, the mighty power of the dragon guides everything surrounding this place.","어서오십시오. 그대.
여기 이 여의주에 대해 이야기하려면 여유 있게 앉으시길 바랍니다. 이곳에서는 강력한 용의 힘이 이곳을 둘러싼 모든 것을 이끌어내고 있습니다."
"UI_CharacterInfo_404",147575385898713090,"My hand is firm and resolute, but you're my buddy, Pengo.
I won't lend strength to a thief","내 손은 냉정하고 강인하지만, 넌 내 친구야 펭고.
도둑놈한테는 힘을 빌려주지 않아."
"UI_CharacterInfo_1402",147575385898713091,"Listening to the sound of waves, you can feel the flow of vitality. Coral's magic gently wraps around all wounds, restoring the strength of life","파도 소리에 귀를 기울이면 생명력이 흘러가는 것을 느낄 수 있어.
산호의 마력은 모든 상처를 치유하고 삶의 힘을 되찾게 만들지. "
"UI_Stat_DAVI_ATK",147575385911296000,"Bonus ATK","상승 데미지"
"UI_Stat_DAVI_ATS",147575385911296001,"Bonus ATS","상승 공격속도"
"UI_Stat_DAVI_SEC",147575385911296002,"Growth Time(sec)","성장 시간(초)"
"UI_Stat_KYLE_ATK",147575385911296003,"Basic Cast","버프 제공량"
"UI_Stat_KORRA_WAVE",147575385911296004,"Wave Count","웨이브 요구량"
"UI_Stat_POLARIS_STRIKE_RANGE",147575385911296005,"(5Stars)Splash Range","(5성)확산피해"
"UI_Stat_POLARIS_SEC",147575385911296006,"Growth Time(sec)","성장 시간(초)"
"UI_Open",168946060529860608,"OPEN","열기"
"UI_Move",168946082910666752,"STORE","상점이동"
"UI_Already_Withraw",169298917795921920,"An account has already been withdrawn.","이미 탈퇴된 계정입니다."
"BAD_REQUEST",169603689216311296,"Bad Request","잘못된 요청입니다."
"CLOSED_ACCOUNT",169603689283420160,"Transaction simulation failed Blockhash not found.","사용할 수 없는 계좌입니다."
"DATABASE_EXCEPTION",169603689283420161,"This account is closed.","예상하지 못한 에러가 발생했습니다.\n관리자에게 문의 해주십시오."
"DUPLICATED_DATA",169603689283420162,"An unexpected error occurred\nPlease try again later.","이미 등록된 데이터가 있습니다."
"DUPLICATE_FAVORITE",169603689283420163,"This is a duplicated information.","이미 등록된 즐겨찾기 정보가 있습니다."
"DUPLICATE_IAP_PAY_RECORD",169603689283420164,"This is a duplicated favorite.","이미 요청된 동일한 결제 정보가 있습니다."
"FLUCTUATE_PRICE",169603689283420165,"This is a duplicated pay request.","시장의 급격한 가격 변동으로 인하여 잠시 거래가 중단되었습니다.\n가격이 안정화 된 후 다시 시도해주세요."
"FORBIDDEN",169603689283420166,"It cannot process because response duplicated transfer ID from on-chain network.","접근 권한이 없습니다."
"IAP_VALIDATE_EXCEPTION",169603689287614464,"Due to the rapid price fluctuations in the market.\ntrading briefly interrupted\nPlease try again after the price stabilizes.","인앱 결제 검증 통신에 실패했습니다.\n다시 시도해 주시기바랍니다."
"INSUFFICIENT_BALANCE",169603689287614465,"Forbidden","잔액이 부족합니다."
"INVALID_CLIENT_ID",169603689287614466,"Fail to validate in app payment\nPlease try again.","지원하지 않는 클라이언트입니다."
"INVALID_PRICE",169603689287614467,"Insufficient balance","해당 가격으로 거래가 불가합니다.\n다시 시도해 주시기바랍니다."
"INVALID_PUBLIC_KEY",169603689287614468,"Invalid client ID","유효하지않은 Publickey입니다."
"INTERNAL_SERVER_ERROR",169603689287614469,"Trading is not possible at that price\nPlease try again.","서버에러"
"KMS_DECRYPT_EXCEPTION",169603689287614470,"Invalid public key","AWSKMS에서 복호화를 실패했습니다."
"LIMIT_EXCEED_AMOUNT",169603689287614471,"Server Error","최대 이용 금액을 초과했습니다."
"LIMIT_EXCEED_COUNT",169603689287614472,"Fail to decrypt in kms of aws","최대 이용 횟수를 초과했습니다."
"NOT_FOUND",169603689287614473,"Maximum amount of uses has been exceeded.","요청한 정보를 찾을 수 없습니다."
"NOT_FOUND_ACCOUNT",169603689287614474,"Maximum count of uses has been exceeded.","계좌를 찾을 수 없습니다."
"NOT_FOUND_CONFIGURATION",169603689287614475,"The trading standard has expired and trading at that price is no longer possible Please try again later.","설정 값을 찾을 수 없습니다."
"NOT_FOUND_IAP_PRODUCT",169603689287614476,"Couldn't find any information","인앱 결제 상품 정보를 찾을 수 없습니다."
"NOT_FOUND_IAP_PURCHASE",169603689287614477,"Account information not found.","인앱 결제 결제 정보를 찾을 수 없습니다."
"NOT_FOUND_TOKEN",169603689287614478,"Configuration not found.","토큰 정보를 찾을 수 없습니다."
"NOT_FOUND_USER",169603689287614479,"Gift information not found.","사용자 정보를 찾을 수 없습니다."
"NOT_FOUND_WALLET",169603689287614480,"In APP payment information not found.","지갑 정보를 찾을 수 없습니다."
"NOT_SUPPORT_TOKEN",169603689287614481,"In App payment record not found.","지원하지않는 토큰입니다."
"SOLANA_CUSTOM_EXCEPTION",169603689287614482,"Phone number not fond.","솔라나 네트워크에 문제가 있습니다.\n잠시 후 다시 시도해주세요."
"UNAUTHORIZED",169603689287614483,"Token information not found.","인증되지않은 사용자입니다."
"UNEXPECTED_ERROR_OCCURRED",169603689287614484,"Token product information not found.","예상하지 못한 에러가 발생하였습니다.\n잠시 후 다시 시도해주세요."
"UI_Stat_DARKWOLF_INSTANTKILL_RATE",180173755125170176,"Insta Kill Rate","즉사 확률"
"UI_Stat_DARKWOLF_GET_GEM_RATE",180173758514167808,"Droplet Acquisition Rate","물방울 획득 확률"
"UI_Stat_MARRIER_ADDITIVE_DAMAGE",180173771457789952,"Increase ATK (500per)","데미지 상승량 (500당)"
"UI_Stat_MARRIER_LIMIT_GEM",180173774062452736,"Effect Limit","효과 제한량"
"UI_Stat_PUDDLE_GET_GEM_TIMECOUNT",180173781255684096,"Acquire Time(sec)","획득 주기(초)"
"UI_Stat_PUDDLE_GET_GEM_RATE",180174371201318912,"Additional Droplets Rate","추가 물방울의 확률"
"UI_Stat_PUDDLE_GET_GEM_AMOUNT",180174374888112128,"Additional Droplets","추가 물방울의 개수"
"UI_Stat_BARD_SPEED_BUFF",180195678303387648,"Attack Speed Up","공격속도 제공량"
"UI_Character_105",180580003385540608,"Marrier","메리어"
"UI_Character_304",180580003486203904,"Puddle","퍼들"
"UI_Character_305",180580003486203905,"Bard","바드"
"UI_Character_405",180580003490398208,"Dark Wolf","다크 울프"
"UI_CharacterAttack_105",180580003490398209,"Your attack power increases according to the number of water droplets you possess.","보유한 물방울만큼 공격력이 증가합니다."
"UI_CharacterAttack_304",180580003490398210,"Through research, you obtain water droplets. Success in research grants access to acquiring more water droplets.","연구를 통해 물방울을 얻습니다.
연구에 성공하면 더 많은 물방울을 얻습니다."
"UI_CharacterAttack_305",180580003490398211,"Through continuous performance, provide a buff to friends within a cross-shaped range of 4 cells, increasing their attack speed. (Non-redundant)","지속적인 연주를 통해 십자 범위 4칸의 친구들에게 공격속도 증가 버프를 제공합니다. (중첩 불가능)"
"UI_CharacterAttack_405",180580003490398212,"You have a certain probability of assassinating the monster, instantly defeating it. Upon successful assassination, you gain an additional water droplet based on the probability.","일정 확률로 몬스터를 암살하여 일격에 처치합니다. 암살에 성공했을 때 확률에 따라 물방울 하나를 추가 획득합니다."
"UI_CharacterInfo_105",180580003490398213,"Hehe, gotta be careful, so it doesn't end up rolling instead of swimming!","헤헤, 조심해야겠어… 수영 대신에 구르는 걸로 끝나지 않게!"
"UI_CharacterInfo_304",180580003490398214,"I study the magic in drops. It's always a pleasure to explore the power of the unknown.","나는 물방울에 담긴 주술을 연구해. 미지의 힘을 탐구하는 건 언제나 즐거운 일이지."
"UI_CharacterInfo_305",180580003490398215,"Do you wanna listen to my guitar performance? You'll feel lighter!","나의 기타 연주를 들어볼래? 몸이 가벼워질 거야!"
"UI_CharacterInfo_405",180580003490398216,"I tend to do missions at night. I can see my enemy better in the dark.","임무는 밤에 수행하는 편이야. 어둠 속에서는 적이 더 잘 보이거든."
"UI_SignInGuest",184583167260590080,"Sign in with Guest","게스트로 로그인"
"MSG_Permission_Denied",184583588045750272,"Guest accounts are not available.
Please switch to social login in Settings - Account.","게스트 계정은 이용할 수 없습니다.
설정-계정에서 소셜 로그인으로 전환해 주세요."
"UI_Guest_Logout_Warning_Desc",184584070906609664,"When logging out of the guest account, 
data recovery may not be possible. 
Please use account switching.","게스트 계정 로그아웃 시,
데이터를 복구하지 못할 수도 있습니다.
계정전환을 이용해주세요."
"UI_Switching_Account",184584265866248192,"Connect Account (Social)","계정연동"
"MSG_Switching_Accouunt",184584447378948096,"Would you like to switch the data of this account to a social account?","해당 계정의 데이터를 소셜 계정으로 전환 하시겠습니까?"
"MSG_Switching_Accouunt_Fail_1",184584470598615040,"The account already exists.","이미 다른 계정이 존재합니다."
"MSG_Switching_Accouunt_Fail_2",184584473412993024,"The account creation has failed.","계정 생성에 실패하였습니다."
"UI_Email_Masking",193227981254393856,"Please enable email masking in your phone settings.","휴대폰 설정에서 이메일 가리기를 활성화해주세요."
"UI_Stat_CRITICAL_DAMAGE",197157194652704768,"Critical Damage","크리티컬 데미지"
"UI_Stat_CARONAPENGO_ADDTIVE_DAMAGE",197169021566574592,"Extra Range Damage","사거리 추가 데미지"
"UI_Character_406",199351269342568448,"Guardian","가디언"
"UI_CharacterAttack_406",199351276649046016,"Periodic ice walls that monsters cannot pass are installed.
The installation interval of the ice walls is random.","주기적으로 몬스터가 지나다닐 수 없는 빙벽을 설치합니다.
빙벽의 설치 주기는 랜덤입니다."
"UI_CharacterInfo_406",199351279421480960,"I'll protect you, so fight with all your might!","내가 지키고 있을 테니, 마음껏 싸워라!"
"UI_Stat_GUARDIAN_BARRIER_CYCLE",199391822046289920,"Ice Wall Cooldown(min)","빙벽 생성주기(최소)"
"UI_Stat_GUARDIAN_BARRIER_DURATION",199391823971475456,"Ice Wall Time(sec)","빙벽 지속시간(초)"
"UI_Character_106",199745879145807872,"Lemming Toxin","레밍톡신"
"UI_CharacterAttack_106",199745881574309888,"Throw a flask of poison or flask for AoE damage.","독이든 플라스크를 던져 범위 피해를 입힙니다."
"UI_CharacterInfo_106",199745883637907456,"One drop of poison is enough, isn't it?","독방울 한 방울이면 충분해, 그렇지?"
"UI_Character_306",199745949685612544,"Trickster","트릭스터"
"UI_CharacterAttack_306",199745951929565184,"You can switch places with a character of the same star.
Trickster who switch places become dizzy.","동일한 성급의 캐릭터와 자리를 변경할 수 있습니다.
자리를 변경한 트릭스터는 어지러움에 빠집니다."
"UI_CharacterInfo_306",199745953577926656,"Now is the time to recalibrate our destiny! @_@","지금, 우리의 운명을 재정비할 때다! @_@"
"UI_Stat_TRICKSTER_GLACIER_CHANGE",199786699693588480,"Dizziness Time(sec)","어지러운 시간(초)"
"UI_Stat_LEMMINGTOXIN_TOXIC_RATETIME",199786736976756736,"Poison Time(sec)","독 지속시간(초)"
"UI_MissionDesc_11",202188669425016832,"Have 4 non-attacking units (Hidden)","비공격 유닛 4마리 보유 (히든)"
"MSG_Switching_Account_Success",202904827333697536,"Account Switching Complete.","전환 완료되었습니다."
"MSG_Exhausted_ADS",207032581941985280,"You've exhausted your prepared ads.
Please try again later.","준비된 광고가 모두 소진되었습니다.
나중에 다시 시도해 주세요."
"UI_HatchingInfo",207226262042697728,"Collect 1000 fossils to obtain a character of your desired grade!","부화석 1000개를 모아서
 원하는 등급의 캐릭터를 얻어보세요!"
"UI_HatchingExchange",207226263733002240,"Change","교환"
"UI_HATCHING_ORB_COMMON",207226266232807424,"Common Hatching Orb","일반 부화석"
"UI_HATCHING_ORB_UNCOMMON",207226268078301184,"Uncommon Hatching Orb","레어 부화석"
"UI_HATCHING_ORB_RARE",207226277288992768,"Rare Hatching Orb","유니크 부화석"
"UI_HATCHING_ORB_EPIC",207226739987832832,"Epic Hatching Orb","에픽 부화석"
"UI_HATCHING_ORB_LEGENDARY",207226749320159232,"Legendary Hatching Orb","레전드 부화석"
"UI_GRADE_HATCHING_ORB_COMMON",207281008245989376,"Common","노말"
"UI_GRADE_HATCHING_ORB_UNCOMMON",207281009676247040,"Uncommon","레어"
"UI_GRADE_HATCHING_ORB_RARE",207281021843922944,"Rare","유니크"
"UI_GRADE_HATCHING_ORB_EPIC",207281025690099712,"Epic","에픽"
"UI_GRADE_HATCHING_ORB_LEGENDARY",207281330783772672,"Legendary","전설"
"NOT_HAVING_ITEM_HATCHING",207960818471395328,"Not Enough Hatchet Orb","부화석의 개수가 부족합니다."
"NOT_ENOUGH_ITEMS_HATCHING",207974212389822464,"Not Enough Hatchet Orb","부화석의 개수가 부족합니다."
"UI_HATCHING_Orb_TITLE",209936234143121408,"Hatching Orb","부화석"
"UI_BattlePass_Season",209936234176675840,"Season {0}","시즌 {0}"
"UI_BattlePass_Season_Name_1",209936234176675841,"Emperor Pass","황제 패스"
"UI_BattlePass_Colse_Time",209936234176675842,"Close: {0}","마감: {0}"
"UI_BattlePass_Active",209936234176675843,"Pass Activate","패스 활성화"
"UI_BattlePass_Free",209936234176675844,"<size=40><sprite=26></size>Free","<size=40><sprite=26></size>무료 패스"
"UI_BattlePass_Premium",209936234176675845,"<sprite=27>Premium","<sprite=27>프리미엄 패스"
"UI_BattlePass_Activate_Desc",209936234176675846,"Activate the Premium Pass
To earn various rewards and get Legendary Character!","프리미엄 패스를 활성화하여
푸짐한 보상과 함께 전설 캐릭터를 획득하세요!"
"UI_BattlePass_Period",209936234176675847,"Season Period: {0} ~ {1}","시즌 기간: {0} ~ {1}"
"UI_BattlePass_Purchase_Desc",209936234176675848,"This product is considered used immediately upon purchase and is non-refundable.
(Cancellation is possible if purchased by a minor without the consent of a legal guardian)","해당 상품은 구매 즉시 사용한 것으로 간주되어 청약철회가 불가능합니다.
(법정대리인 동의 없는 미성년자 명의 결제 시 취소 가능)"
"UI_BattlePass_Cristal_Exchange",209936234176675849,"Cristal Exchange","크리스탈 교환"
"UI_BattlePass_Cristal_Exchange_Desc",209936234176675850,"Level up 10
levels at once!","한 번에 10레벨을
올려보세요!"
"UI_Not_Period_ends",210528385476059136,"Expierd content.","기간이 종료된 컨텐츠 입니다."
"UI_Not_Pass_Reward",210528387782926336,"Failed to recive compensation.","보상 받기에 실패했습니다."
"EXCEED_BATTLE_PASS_EXP",210531624632180736,"You cannot purchase more than the required crystal.","필요한 크리스탈을 초과하여 구매할 수 없습니다."
"UI_Crystal_Pass_Desc",212341249039917056,"Would you like to purchase crystals?","크리스탈을 구매하시겠습니까?"
"UI_Crystal_Pass_Title",212341533531168768,"Buy Crystal","크리스탈 구매"
"BOX_GOLD_10_STIK",212413361918304256,"Gold Box","골드 상자"
"BOX_SILVER_10_STIK",212413501748011008,"Silver Box","실버 상자"
"UI_Character_307",214604367954698240,"Hi-Five","하이파이브"
"UI_CharacterInfo_307",214604374313263104,"Selfish people can never cooperate.
The result is those trash.
It's so pathetic.","이기적인 인간들은 절대 협력할 수 없지.
그 결과가 저 쓰레기들인 거야.
한심하기 짝이 없군."
"UI_CharacterAttack_307",214604397084139520,"If there are other hives in adjacent positions, they will be in a connected state. The more connections there are, the greater the damage will increase, and when 5 or more are connected, the range will also increase.","인접한 위치에 다른 하이브가 있으면 연결 상태가 됩니다.
연결된 상태가 많을 수록 데미지가 증가하고, 5개 이상이 연결됐을 때 사거리가 증가합니다."
"UI_Character_407",214900857984352256,"Yuri","유리"
"UI_CharacterInfo_407",214900860442214400,"These trash heaps will pay for what they've done.
My arrows will bring them to justice.","이 쓰레기 더미들은 그 대가를 치르게 될 거야.
내 화살이 정의를 찾아줄 테니까."
"UI_CharacterAttack_407",214900862350622720,"Arrows rain down when there are enemies within range.
The rain of arrows deals additional damage based on lost health.","사거리 내 적이있을 때 화살비를 내립니다.
화살비는 잃은 체력 만큼 추가 데미지를 입힙니다."
"UI_Character_1403",214901211690008576,"Lulu","루루"
"UI_CharacterInfo_1403",214901215804620800,"The guardian, master, and king of the deep sea...
My ocean will protect you.","나는 깊은 바다의 수호자이자 주인이자 왕...
나의 바다가 너희를 지켜줄 것이야."
"UI_CharacterAttack_1403",214901216496680960,"When Lulu appears or at regular intervals, she grants the highest-starred ally a soap bubble (shield).","루루가 등장하거나 일정 시간마다 성급이 가장 높은 아군에게 비눗방울(보호막)을 제공합니다."
"UI_Special_Shop_Category_1",214909197858734080,"STIK Event","STIK Event"
"UI_Special_Shop_Time",214909255538802688,"{0} days left","{0}일 남음
"
"UI_Special_Shop
",214909526604087296,"Special Shop
","특별상점"
"UI_StikToGem_Sale_Rate",214909667717251072,"Sale","Sale"
"UI_Sale_Special",214909714806702080,"Available ({0}/{1})","구매가능 ({0}/{1})"
"UI_BOX_LEGEND_DESC",214909915592228864,"Legend
Get!","전설
확정!"
"UI_Special_Shop_Empty",214914039452893184,"No items available at the moment.","현재 준비된 상품이 없습니다."
"MSG_limited_Count",214914161335173120,"The item has been purchased.
We'll bring you even better products.","해당 상품을 모두 구매하였습니다.
더 좋은 상품으로 찾아뵙겠습니다."
"UI_Stat_HIFIVE_EXTRA_DAMAGE",214947742849794048,"Extra Damage","추가 데미지"
"UI_Stat_HIFIVE_RANGE_UP",214948689588092928,"Range Up","사거리 증가"
"UI_Stat_YURI_PER_DAMAGE",214948809851371520,"Lost HP Per Damge","잃은 체력비례 데미지"
"UI_Stat_YURI_DURATION",214949448887140352,"Duration(sec)","지속시간(초)"
"UI_Stat_YURI_COOLDOWN",214949703519141888,"Cooldown(sec)","쿨타임(초)"
"UI_Stat_LULU_BUBBLE",214950058810245120,"Cooldown(sec)","생성 주기(초)"
"TOO_MANY_REQUESTS",215264293370716160,"Please try again later.","잠시 후 다시 시도해주세요"
"INVALID_BATTLE_PASS_EXP_PRICE",216031480020721664,"It is not a set price.","정해진 가격값이 아닙니다."
"DISABLED_BATTLE_PASS",216032281434775552,"This is a deactivated battle pass.","비활성화된 배틀패스 입니다."
"SpecialStore_ITEM",218571649265426432,"STIK SHOP","스틱 상점"
"BOX_LEGEND",218573748002873344,"Legendary Box","레전더리 상자"
"MSG_TOO_MANY_REQUESTS",218618273228382208,"Please try again later.","잠시 후 다시 시도해주세요"
"BOX_WOOD",219920077920657408,"Wood Box","나무 상자"
"UI_Profile_Edit",220317643378622464,"Profile Edit","프로필 변경"
"GEM_50000_SPECIAL",220384049182531584,"Gem Exchange","젬 교환"
"GEM_150000_SPECIAL",220384088822898688,"Gem Exchange","젬 교환"
"UI_Weekly_Ready_Desc",221033275279638528,"I'm waiting for a fair game.
Please wait a moment.","공정한 게임을 위해 대기하고 있는 상태에요.
잠시만 기다려주세요."
" UI_Monthly_Package",221033443399925760,"Monthly Gem Pack","월정액 패키지"
"UI_MonthlyGemPack_Refund_Desc",221033825291304960,"The withdrawal of the subscription is restricted when seven days have passed since the purchase or when the product is received.
","구매 후 7일이 경과하였거나 상품 수령 시 청약 철회가 제한됩니다."
"UI_MonthlyGemPack_Slogan",221036227859939328,"Lasts for 30 days!","30일간 효과 지속!"
"UI_MonthlyGemPack",221036360026652672,"Monthly Jewelry Package","월간 젬 패키지"
"UI_Purchase_Immediate",221036362002169856,"Available immediately upon purchase!","구매 즉시!"
"UI_Purchase_Cycle",221036363549868032,"Every {0} hours!","{0}시간 마다!"
"UI_MonthlyGemPack_BonusButton",221036950614016000,"Click to receive!","클릭해서 받기!"
"UI_MonthlyGemPack_DurationTimer",221037007027404800,"Available for purchase after {0}","{0} 이후 구매 가능"
"MSG_Not_Enough_Cool_Time",221136637964312576,"It's a cooldown period!","쿨타임 입니다!"
"MSG_Not_Having_Package",221136642326388736,"Please purchase the package!","패키지를 구매해주세요!"
"UI_Ranking_Empty",222477231332515840,"The ranking for today hasn't been decided yet!","오늘의 순위가 아직 정해지지 않았어요!"
"UI_Character_408",228671880644517888,"Owlrus","오루스"
"UI_CharacterInfo_408",228671885862232064,"O dark sorcerer...
Your darkness will not last long.
The twilight storm will obliterate our enemies,
and Orus... I shall be your salvation!","오오 흑마법사여...
너의 어둠은 오래가지 못할 것이다.
황혼의 폭풍은 적들을 소멸시키고,
오루스... 내가 그대들을 구원할 것이다!"
"UI_CharacterAttack_408",228672112040075264,"You send the Twilight Storm to the farthest enemy on the field.
Enemies in its path take damage proportional to their maximum health.","필드상 가장 멀리있는 적에게 황혼의 폭풍을 날립니다.
황혼의 폭풍이 지나간 자리는 최대 체력 비례 데미지를 입습니다."
"UI_Stat_OWLRUS_DAMAGE",228742750243119104,"Full HP Per Damage","최대 체력비례 데미지"
"UI_Stat_GUARDIAN_BARRIER_CYCLE_MAX",229806161888903168,"Ice Wall Cooldown(max)","빙벽 생성 주기 (최대)"
"UI_Not_Activated",229859860241809408,"Not Activated","활성화되지 않음"
"UI_CharacterInfo_308",229859986209341440,"The power of life is always with us.
When this battle ends, peace will return once more.
Don't give up; the balance of nature will always be restored.","생명의 힘은 언제나 우리와 함께하죠.
이 싸움이 끝날 때, 평화는 다시 찾아올 것입니다.
포기하지 말아요, 자연의 질서는 언제나 회복될 테니까요."
"UI_CharacterAttack_308",229860227037888512,"When Flora is summoned or fused, you obtain one Water Droplet.
Flora of 4-star rank or higher uses Nature's Healing.
Nature's Healing restores cracked ice and provides a Bubble if there is no cracked ice.","소환하거나 합성했을 때 플로라가 등장한다면 물방울 하나를 획득합니다.
4성 이상의 플로라는 자연의 치유를 사용합니다.
자연의 치유는 갈라진 빙판을 회복시키고 갈라진 빙판이 없을 경우 비눗방울을 제공합니다."
"UI_Stat_FLORA_DAMAGE",229862133441331200,"Nature Heal Cooldown","자연의 치유 쿨타임"
"UI_Character_308",230156724922736640,"Flora","플로라"
"UI_MISSION_LOGIN",235154633024069632,"Login {0}","로그인 {0}회"
"UI_MISSION_BOSS",235154660123467776,"Kill Boss {0}","보스처치 {0}회"
"UI_MISSION_INAPP",235154722572460032,"In-App Purchase {0}","인앱결제 {0}회"
"UI_MISSION_PLAY",235154745926344704,"Game Play {0}","게임플레이 {0}회"
"UI_MISSION_MONSTER",235154770744041472,"Kill monsters {0}","몬스터 처치 {0}회"
"UI_MISSION_AD",235154890977959936,"Ad Viewing {0}","광고 시청  {0}회"
"UI_MISSION_WAVE",235156528849477632,"Highest Wave {0}","최고 웨이브  {0}회"
"UI_MISSION_MISSION",235156577037836288,"Misson Clear {0}","미션 클리어  {0}회"
"UI_Daily_Quest",235174023958355968,"Daily Quest","일일 퀘스트"
"UI_Achievement",235174184214323200,"Achievement","업적"
"UI_Daily_Quest_Limit",235175410473623552,"{0:D2}h {1:D2}m {2:D2}s","{0:D2}시간 {1:D2}분 {2:D2}초"
"UI_MISSION_GEM_SWAP",238504248746172416,"Gem Exchange {0}","젬 교환 {0} 개"
"UI_MISSION_GEM_SPEND",238504515076087808,"Gem Spend {0}","젬 소비 {0} 개"
"UI_Insufficient_Condition",240933497352478720,"You are not eligible for compensation as the conditions have not been met.","조건이 충족되지 않아 보상을 받을 수 없습니다."
"UI_Failed_Achievement",240937800423170048,"You are not able to claim the compensation at this time.
Please try again.","보상을 수령할 수 없는 상태입니다.
다시 시도해 주세요."
"UI_Already_Rewarded",240938600134336512,"This compensation has already been claimed.","이미 수령한 보상입니다."
"UI_Failed_DailyQuest",240939641118646272,"The required conditions have not been met.","요구 조건이 충족되지 않았습니다."
"UI_MISSION_CLASSUP",241393874347483136,"Character LevelUp {0}","캐릭터 레벨업 {0}회"
"UI_MISSION_SUMMON",241393876117479424,"Character Summon {0}","캐릭터 소환 {0}회"
"UI_MISSION_MERGE",241393948834127872,"Character Merge {0}","캐릭터 합성 {0}회"
"UI_MISSION_HIGHGRADE",241394025292095488,"Has Character FourStar {0}","캐릭터 4성{0}개 보유"
"UI_MISSION_UPGRADE",241394060603940864,"Character Upgrade {0}","캐릭터 업그레이드 {0}회"
"UI_Quest_Reward_Title",242388870320087040,"Earn Rewards","보상 획득"
"TMSG_Tutorial_Fail",243200961627389952,"Please <color=#CCEEFF>click</color> on the highlighted part.","강조된 부분을 <color=#CCEEFF>클릭</color>해 주세요."
"UI_Network_Unstable_Logout",245037109389287424,"The network connection is unstable, attempting to reconnect.","네트워크 환경이 불안정하여 
재접속을 시도합니다."
"UI_Character_410",247468776896847872,"Vegas","베가스"
"UI_CharacterInfo_410",247468780092907520,"I'm Vegas, from Las Vegas. Is it fate or skill? One shot will prove it.","라스베가스에서 온 베가스야.
""운명이냐, 실력이냐? 단 한발이면 증명되지."""
"UI_CharacterAttack_410",247468782852759552,"Normal attacks and critical hits deal random damage.","일반 공격과 크리티컬이 무작위 데미지를 입힙니다."
"UI_Stat_VEGAS_MIN_DAMAGE",247510052958625792,"Min Damage","최소 데미지"
"UI_Stat_VEGAS_MAX_DAMAGE",247510057102598144,"Max Damage","최대 데미지"
"UI_Stat_VEGAS_SPECIAL_EFFECT",247510061120741376,"Special Effects","특수 이펙트"
"UI_Character_409",247563815488577536,"Hammering","해머링"
"UI_CharacterInfo_409",247563819557052416,"Oops... looks like my hand slipped!
Sorry about that, Beosk!","아이쿠... 손이 미끄러졌네!
미안해, 버스크!"
"UI_CharacterAttack_409",247563823021547520,"When making a basic attack, there is a chance to attack with a hammer.
The hammer can be enhanced through upgrades, but upgrades may fail or reset.
If the upgrade level is 10 or higher, the hammer gains additional damage based on the target's current HP.","일반 공격 시 확률에 따라 해머로 공격합니다.
해머는 업그레이드를 통해 강화할 수 있으며 업그레이드에 실패하거나 초기화될 수 있습니다.
업그레이드가 10이상이면 해머에 현재 체력 비례 데미지가 추가됩니다."
"UI_Stat_HAMMERING_ATTACK_RATE",248324010770685952,"Hammer Rate","해머공격 확률"
"UI_Stat_HAMMERING_ATTACK_DAMAGE",248324012406464512,"Hammer Damage","해머공격 데미지"
"UI_Stat_HAMMERING_UPGRADE_DISCOUNT",248324013656367104,"Upgrade Discount Rate","업그레이드 할인율"
"UI_Stat_HAMMERING_UPGRADE_RATE",248324077896327168,"Upgrade Rate","업그레이드 성공 확률"
"UI_Stat_HAMMERING_PER_DAMAGE",248324079427248128,"current HP Per Damge","현재 체력 비례 데미지"
"UI_Tutorial_1",249066787349823488,"Hi! I'm Pengo.
Shall we press the <color=#C0FF9E>Play</color> button to start the game?","안녕! 나는 펭고야.
게임을 시작하기 위해 <color=#C0FF9E>플레이</color> 버튼을 눌러볼까?"
"UI_Ranking_BestWave_Update",250738539173502976,"The rankings are updated every 10 minutes.","랭킹은 10분마다 갱신됩니다."
"UI_Tutorial_15",254064153993404416,"It was really hard. Lastly,
I prepared a gift.
Show off your great performance!","정말 고생 많았어.
마지막으로 선물을 준비했어.
<color=#C0FF9E>멋진 활약</color>을 보여줘!"
"UI_Pengo",255588767653789696,"Pengo","펭고"
"UI_PengoWallet",255588767762841600,"Pengo
<size=28><color=#C1EAF8>Wallet</color></size>","펭고
<size=28><color=#C1EAF8>지갑</color></size>"
"UI_Skin",255588767788007424,"Skin","스킨"
"UI_Skin_Edit",255588767788007425,"Edit Skin","스킨 변경"
"UI_Skin_1000101",255588767788007426,"Basic Skin","기본 스킨"
"UI_Skin_1000201",255588767788007427,"Basic Skin","기본 스킨"
"UI_Skin_1000301",255588767788007428,"Basic Skin","기본 스킨"
"UI_Skin_1000401",255588767788007429,"Basic Skin","기본 스킨"
"UI_Skin_1000501",255588767788007430,"Basic Skin","기본 스킨"
"UI_Skin_1100101",255588767788007431,"Basic Skin","기본 스킨"
"UI_Skin_1010101",255588767788007432,"Basic Skin","기본 스킨"
"UI_Skin_1010201",255588767788007433,"Basic Skin","기본 스킨"
"UI_Skin_1010301",255588767788007434,"Basic Skin","기본 스킨"
"UI_Skin_1010501",255588767788007435,"Basic Skin","기본 스킨"
"UI_Skin_1010601",255588767788007436,"Basic Skin","기본 스킨"
"UI_Skin_1110101",255588767788007437,"Basic Skin","기본 스킨"
"UI_Skin_1020101",255588767788007438,"Basic Skin","기본 스킨"
"UI_Skin_1020201",255588767788007439,"Basic Skin","기본 스킨"
"UI_Skin_1020301",255588767788007440,"Basic Skin","기본 스킨"
"UI_Skin_1020401",255588767788007441,"Basic Skin","기본 스킨"
"UI_Skin_1020501",255588767788007442,"Basic Skin","기본 스킨"
"UI_Skin_1120101",255588767788007443,"Basic Skin","기본 스킨"
"UI_Skin_1030101",255588767788007444,"Basic Skin","기본 스킨"
"UI_Skin_1030201",255588767788007445,"Basic Skin","기본 스킨"
"UI_Skin_1030301",255588767788007446,"Basic Skin","기본 스킨"
"UI_Skin_1030401",255588767788007447,"Basic Skin","기본 스킨"
"UI_Skin_1030501",255588767788007448,"Basic Skin","기본 스킨"
"UI_Skin_1030502",255588767788007449,"Holy Night Bard","성야의 빛 바드"
"UI_Skin_1030601",255588767788007450,"Basic Skin","기본 스킨"
"UI_Skin_1030701",255588767788007451,"Basic Skin","기본 스킨"
"UI_Skin_1030801",255588767788007452,"Basic Skin","기본 스킨"
"UI_Skin_1130101",255588767788007453,"Basic Skin","기본 스킨"
"UI_Skin_1040101",255588767788007454,"Basic Skin","기본 스킨"
"UI_Skin_1040201",255588767788007455,"Basic Skin","기본 스킨"
"UI_Skin_1040301",255588767788007456,"Basic Skin","기본 스킨"
"UI_Skin_1040401",255588767788007457,"Basic Skin","기본 스킨"
"UI_Skin_1040501",255588767792201728,"Basic Skin","기본 스킨"
"UI_Skin_1040601",255588767792201729,"Basic Skin","기본 스킨"
"UI_Skin_1040701",255588767792201730,"Basic Skin","기본 스킨"
"UI_Skin_1040801",255588767792201731,"Basic Skin","기본 스킨"
"UI_Skin_1040901",255588767792201732,"Basic Skin","기본 스킨"
"UI_Skin_1041001",255588767792201733,"Basic Skin","기본 스킨"
"UI_Skin_1140101",255588767792201734,"Basic Skin","기본 스킨"
"UI_Skin_1140201",255588767792201735,"Basic Skin","기본 스킨"
"UI_Skin_1140301",255588767792201736,"Basic Skin","기본 스킨"
"UI_Preview",255588767792201737,"Preview","미리보기"
"NOT_OWNED",255588767792201738,"This item is not owned.","상품을 보유하고 있지 않습니다."
"MSG_Purchase_Item",255588767792201739,"Would you like to purchase this item?","구매하시겠습니까?"
"UI_Unlock_Skin",255588767792201740,"Unlock Skin","스킨 획득"
"UI_Unlock_Skin_Desc",255588767792201741,"A new skin has been unlocked.","새로운 스킨을 획득하였습니다!"
"ALREADY_OWNED_SKIN",255588767792201742,"This skin is already owned","이미 보유하고 있는 스킨입니다."
"SpecialStore_SKIN",255588767792201743,"Skin Package","스킨 패키지"
"UI_Skin_Package_Desc",255588767792201744,"Purchase for <color=#FF0000>Guaranteed Character</color> and <color=#FF0000>Skin & Limited Profile</color> all at once.","<color=#FF0000>캐릭터 확정</color> 지급과 <color=#FF0000>스킨, 한정 프로필</color>을 한 번에 구매해보세요."
"UI_Unlock_Skin_Package",255588767792201745,"Skin Package Acquired","스킨 패키지 획득"
"UI_Unlock_Skin_Package_Desc",255588767792201746,"All items in the bundle have been purchased!","구성 상품을 모두 구매하였습니다!"
"MSG_Skin_Owned_Already",255588767792201747,"You already own this skin.
Instead, {0} gems will be sent to your inbox.
Do you still wish to proceed with the purchase?","이미 해당 스킨을 보유하고 있습니다.
보유한 스킨을 대신하여 {0}젬이 우편함으로 지급됩니다.
정말로 구매하시겠습니까?"
"UI_Limited_Goods",255588767792201748,"Limited-Time Offer!","기간 한정 상품!"
"UI_Guaranteed",255588767792201749,"<color=#FF0000>Guaranteed Reward</color>","<color=#FF0000>확정 지급</color>"
"UI_Skin_Provide",255588767792201750,"Includes Skin","스킨 제공"
"UI_Limited_Profile",255588767792201751,"Exclusive Profile","한정 프로필"
"UI_Profile_Acquire",255588767792201752,"How to Get","획득 방법"
"UI_Profile_1",255588767792201753,"Character Acquisition","캐릭터 획득"
"UI_Profile_2",255588767792201754,"Character Acquisition","캐릭터 획득"
"UI_Profile_3",255588767792201755,"Character Acquisition","캐릭터 획득"
"UI_Profile_4",255588767792201756,"Character Acquisition","캐릭터 획득"
"UI_Profile_5",255588767792201757,"Character Acquisition","캐릭터 획득"
"UI_Profile_1001",255588767792201758,"Character Acquisition","캐릭터 획득"
"UI_Profile_101",255588767792201759,"Character Acquisition","캐릭터 획득"
"UI_Profile_102",255588767792201760,"Character Acquisition","캐릭터 획득"
"UI_Profile_103",255588767792201761,"Character Acquisition","캐릭터 획득"
"UI_Profile_105",255588767792201762,"Character Acquisition","캐릭터 획득"
"UI_Profile_106",255588767792201763,"Character Acquisition","캐릭터 획득"
"UI_Profile_1101",255588767792201764,"Character Acquisition","캐릭터 획득"
"UI_Profile_201",255588767792201765,"Character Acquisition","캐릭터 획득"
"UI_Profile_202",255588767792201766,"Character Acquisition","캐릭터 획득"
"UI_Profile_203",255588767792201767,"Character Acquisition","캐릭터 획득"
"UI_Profile_204",255588767792201768,"Character Acquisition","캐릭터 획득"
"UI_Profile_205",255588767792201769,"Character Acquisition","캐릭터 획득"
"UI_Profile_1201",255588767792201770,"Character Acquisition","캐릭터 획득"
"UI_Profile_301",255588767792201771,"Character Acquisition","캐릭터 획득"
"UI_Profile_302",255588767792201772,"Character Acquisition","캐릭터 획득"
"UI_Profile_303",255588767792201773,"Character Acquisition","캐릭터 획득"
"UI_Profile_304",255588767792201774,"Character Acquisition","캐릭터 획득"
"UI_Profile_305",255588767792201775,"Character Acquisition","캐릭터 획득"
"UI_Profile_306",255588767792201776,"Character Acquisition","캐릭터 획득"
"UI_Profile_307",255588767792201777,"Character Acquisition","캐릭터 획득"
"UI_Profile_308",255588767792201778,"Character Acquisition","캐릭터 획득"
"UI_Profile_1301",255588767792201779,"Character Acquisition","캐릭터 획득"
"UI_Profile_401",255588767792201780,"Character Acquisition","캐릭터 획득"
"UI_Profile_402",255588767796396032,"Character Acquisition","캐릭터 획득"
"UI_Profile_403",255588767796396033,"Character Acquisition","캐릭터 획득"
"UI_Profile_404",255588767796396034,"Character Acquisition","캐릭터 획득"
"UI_Profile_405",255588767796396035,"Character Acquisition","캐릭터 획득"
"UI_Profile_406",255588767796396036,"Character Acquisition","캐릭터 획득"
"UI_Profile_407",255588767796396037,"Character Acquisition","캐릭터 획득"
"UI_Profile_408",255588767796396038,"Character Acquisition","캐릭터 획득"
"UI_Profile_409",255588767796396039,"Character Acquisition","캐릭터 획득"
"UI_Profile_410",255588767796396040,"Character Acquisition","캐릭터 획득"
"UI_Profile_1401",255588767796396041,"Character Acquisition","캐릭터 획득"
"UI_Profile_1402",255588767796396042,"Character Acquisition","캐릭터 획득"
"UI_Profile_1403",255588767796396043,"Character Acquisition","캐릭터 획득"
"UI_Profile_10001",255588767796396044,"Weekly Rank Top 1 (7days)","주간 랭킹 TOP1 (7일)"
"UI_Profile_10002",255588767796396045,"Weekly Rank Top 3 (7days)","주간 랭킹 TOP3 (7일)"
"UI_Profile_10003",255588767796396046,"Weekly Rank Top 10 (7days)","주간 랭킹 TOP10 (7일)"
"UI_Profile_20001",255588767796396047,"Purchase Skin Package","스킨 패키지 구매"
"UI_Stat_TRICKSTER_GLACIER_CHANGE_RATE",258009228129591296,"Change Rate","생존 확률"
"POPUP_Skin_Change",258418226079195136,"Skin Change","변경"
"POPUP_Skin_Purchase",258418446481481728,"Skin Purchase","구매하기"
"POPUP_Skin_Title",258437603335856128,"Skin Title","스킨 변경"
"UI_Skin_Purchase",259074390618005504,"Skin Purchase","스킨 구매"
"UI_Skin_Get",259074639503810560,"Skin Get","스킨 획득"
"UI_Skin_PurchaseDesc",259075083143733248,"Skin Purchase?","스킨을 구매하시겠습니까?"
"UI_Skin_GetDesc",259075281471397888,"Skin Get","새로운 스킨을 획득하였습니다!"
"UI_ROULETTE_DESC",334853508075196416,"Spin the wheel to unlock a bonus wave!","룰렛을 돌리면 보너스 웨이브를 드려요!"
"UI_OneDay_One_Free",336753378430525440,"1 free ticket per day","1일 1회 무료"
"UI_MISSION_ROULETTE",336753599520677888,"Spin Roulette {0}","룰렛 돌리기 {0}회"
"UI_FREE_SPIN",336757185000480768,"Free Roulette Spin","무료 돌리기"
"UI_Touch_Empty_Screan",336757562106159104,"Tap anywhere to close","빈 곳을 터치하여 닫기"
"UI_Retry",336757995746861056,"Retry","다시시도"
"UI_Ticket",336758456499544064,"Ticket","이용권"
"UI_Delete_Account",336759429829730304,"Delete Account","계정 탈퇴"
"UI_Skip_Animation",336761250228969472,"Skip Animation","연출 생략"
"UI_Character_309",336772372365549568,"Rio","리오"
"UI_CharacterAttack_309",336997785536798720,"Throwing a boomerang forward.
Throws a boomerang at the farthest enemy within range, and the boomerang returns to Rio.
The boomerang's speed and attack cooldown are affected by attack speed.","전방에 부메랑을 투척합니다.
사거리 내 가장 멀리있는 적에게 부메랑을 던지고,
부메랑은 다시 리오에게 돌아옵니다.
무메랑의 속도와 공격 대기시간은 공격 속도의 영향을 받습니다."
"UI_CharacterInfo_309",336998018391973888,"What? You think you can keep up with my moves? Not a chance","뭐? 내 동작을 따라잡느다고? 어림없지!"
"UI_Character_411",336998205285965824,"Chamy","챠미"
"UI_CharacterAttack_411",336998207395700736,"Chamy can merge with any friends, but the merge may fail.
If the merge fails, the two friends used as materials will disappear from the field.
Additionally, you can use a 4-star Chamy to create a 5-star friend.","챠미는 어떠한 친구들과도 합성 할 수 있지만
합성에 실패 할 수도 있습니다.
합성에 실패 할 경우 대상이 된 두 친구들은 필드에서 사라집니다.
또한, 4성 챠미를 활용하여 5성 친구를 만들 수 있습니다."
"UI_Stat_RIO_ATTACK_READY_COOLTIME",336998608014647296,"AttackReady CoolTime","공격 대기 시간"
"UI_Stat_CHAMY_MERGE_SUCCESS_RATE",336998831818514432,"MergeSuccessRate","합성 확률"
"UI_CharacterInfo_411",336998889746046976,"Isn't it more thrilling the more dangerous it gets?Scaredy-cats, step aside.
I can't stand wimps like Flora!","위험할수록 더 짜릿한 거 아니겠어?
무서운 겁쟁이들은 저리 비켜
플로라 같은 겁쟁이들은 딱 질색이야!"
"UI_Daily_Rank_Title",336999011385057280,"Daily Best Wave","데일리 베스트 웨이브"
"UI_bestWaveDaliyDesc",336999075264307200,"Let's compete for the longest wave on a day and then Get Rewards!","하루동안 가장 오래버틴 웨이브로 경쟁하고 보상을 받아보세요!"
"UI_Weekly_Rank_Title",336999132340396032,"Weely Best Wave","위클리 베스트 웨이브"
"ROULETTE_TICKET",336999333251751936,"Roulette Ticket","룰렛티켓"
"STICK_EVENT",336999601779482624,"Stick Event","스틱 이벤트"
"UI_RouletteTicket_Exchange_Desc",337000388748353536,"Exchange for a Roulette Ticket?","룰렛 티켓으로 교환하시겠습니까?"
"UI_Store_Cancell_Desc",337027749564882944,"Cancellations are available within 7 days of purchase. 
(However, not applicable for items opened immediately or partially used.)","청약철회는 구매일로부터 7일 이내 가능합니다.
(단, 즉시 개봉되는 상품이거나 일부 사용 시 에는 불가)"
"UI_ROULETTE",337078661566144512,"Roulette","룰렛"
"UI_Exit_button",337394256694190080,"Close","나가기"
"UI_Switch_Account",337395785350225920,"Switch Account","계정 전환"
"UI_Profile_411",337824955565842432,"Character Acquisition","캐릭터 획득"
"UI_Profile_309",337825027527516160,"Character Acquisition","캐릭터 획득"
"UI_Daily_Ranker_Guide",342539024566820864,"in the Top {0}","{0}등 이내"
"UI_Daily_Rank_1st",342539024571015168,"Congratulations!
Rewards have been paid for reaching the top of the Daily Rankings!
","축하합니다!
데일리 랭킹 1위를 달성하여 보상이 지급되었습니다!
"
"UI_Daily_Reward",342539024571015169,"Daily Rank Reward","데일리 랭킹 보상"
"UI_Daily_Profile_Desc_1",342539024571015170,"Congratulations!
Reward has been paid for ranker {0} the Daily Rankings!
","축하합니다!
데일리 랭킹 상위 {0}를 달성하여 보상이 지급되었습니다!
"
"UI_Daily_Profile_Desc_2",342539024571015171,"<size=27><color=#EA1F66> ( Ranker profile is available only during the Daily )</color></size>","<size=27><color=#EA1F66>( 랭커 프로필은 데일리 기간동안에만 제공됩니다. )</color></size>"
"UI_PitySystem",352357475868839936,"Cumulative draw 80 times to achieve new characters confirmed!","누적 뽑기 80회 달성 시 신규캐릭터 확정 지급!"
"UI_Event_Store_2_Content",352692721357262848,"The moonlight doesn’t touch me.
because I’m already in your shadow","달빛은 나를 비추지 않아,
이미 네 그림자 속에 있으니까."
"UI_Event_Store_3_Content",352692977486630912,"When even the wind holds its breath,
the arrow finds the truth.","바람도 숨을 죽이는 순간,
화살은 진실을 꿰뚫지."
"UI_Event_Store_4_Content",352692990417670144,"Only those who endure the weight of the sword
can become true protectors.","검의 무게를 견딜 수 있을 때,
비로소 수호자가 되는거다."
"UI_Event_Store_5_Content",352693035837788160,"Twilight isn’t the end. For me,
it’s just the beginning.","황혼은 끝이 아니다.
나에겐 시작이지."
"UI_Event_Store_6_Content",352693057140658176,"Even steel softens when you treat
it like a heart.","강철도 마음처럼 다루면
순한 쇳덩이일 뿐이라네"
"UI_Event_Store_7_Content",352693085783560192,"Codename Chamy. Standing by.","코드네임 챠미, 준비완료."
"UI_Friend",367222505194303488,"Friend","친구"
"UI_Accept",367228265039048704,"Accept","Accept"
"UI_Reject",367228352813248512,"Reject","Reject"
"UI_Single_Guide_Desc_1",369343836425728000,"Defeat the endless stream of trash!","무한히 등장하는 쓰레기 무리들을
무찔러 보세요!"
"UI_Single_Guide_Desc_2",369344065392783360,"The higher your wave, the more rewards and benefits you will receive!","높은 웨이브를 기록할 수록 많은 보상과 혜택이 주어집니다!"
"UI_Mode_Single",369344281688846336,"Single Mode",
"UI_Mode_Battle",369344671893336064,"Battle Mode",
"UI_Battle_Guide_Desc_1",369345059312807936,"Protect the glacier until the end and become the last one standing!","끝까지 빙하를 지키고
최후의 1인이 되어보세요!"
"UI_Select_Reward",369691727862345728,"Select Reward",
"UI_Refresh",369701228975927296,"Refresh",
"UI_Fieldboss_Reward_Character_Title",370055768195641344,"Summon a Character",
"UI_Fieldboss_Reward_Buff_Title",370056513217277952,"Unique Effect",
"UI_Fieldboss_Reward_Buff_1",370056548516540416,"Instantly obtain {0} droplets",
"UI_Fieldboss_Reward_Buff_2",370056780209893376,"{0}% discount on seat transfer fees",
"UI_Fieldboss_Reward_Buff_3",370056782827139072,"Increases all character attack power by {0}%",
"UI_Fieldboss_Reward_Buff_4",370056784202870784,"Increases attack power of characters within range {0} by {1}%",
"UI_Fieldboss_Reward_Buff_5",370056785746374656,"Attack power of characters exceeding range {0} increases by {1}%",
"UI_Fieldboss_Reward_Buff_6",370056796416684032,"All mission rewards increase by {0}%",
"UI_Fieldboss_Reward_Buff_7",370056798396395520,"Personal boss summon cooldown reduced by {0}%",
"UI_Fieldboss_Reward_Buff_8",370056799671463936,"Personal boss reward amount increases by {0}%",
"UI_Fieldboss_Reward_Buff_9",370056800980086784,"Increases all character attack speed by {0}%",
"UI_Fieldboss_Reward_Buff_10",370056807489646592,"Obtain one {2} character of {1} star and {0} level, regardless of character ownership",
"UI_Fieldboss_Reward_Buff_11",370056906273894400,"All upgrade costs are discounted by {0}%",""
"UI_Fieldboss_Reward_Buff_12",370056907414745088,"When killing a monster, you get an additional {0} water droplets.",""
"UI_Fieldboss_Reward_Buff_13",370056908488486912,"Discount on summon amount {0}",""
"UI_Fieldboss_Reward_Buff_14",370056909490925568,"Increases all characters' range by {0}",""
"UI_Final_Rank",370082280185704448,"Final Rank","Final Rank"
"UI_Success",370840587125043200,"Success","Success"
"UI_Failed",370840630968102912,"Failed","Failed"
"UI_Battle_Friendly",371826209063088128,"Play with friend","Play with friend"
"UI_Battle_Friendly_Desc",371828391627894784,"A friendly battle without punishment and reward","A friendly battle without punishment and reward"
"UI_League",371866918419869696,"League","리그전"
"UI_FriendList",371867285492772864,"Friend List","Friend List"
"UI_RecommendedFriend",371867401523998720,"Recommended Friends","Recommended Friends"
"UI_Matching_Time",371869029417267200,"Matching...","매칭 중..."
"UI_Play",371872217822310400,"Play","Play"
"UI_Starting_Time",372371846036893696,"Starting in...","Starting in..."
"UI_Battle_Terminated",372372168469819392,"The game has been terminated because no matches were found.","The game has been terminated because no matches were found."
"UI_Waiting_Other_Player",373355292439785472,"Waiting for other player...","유저 찾는 중..."
"UI_Unknown_Error",373377098504646656,"Server error, the game has disconnected to server","Server error, the game has disconnected to server"
"MSG_Surrender",374479981232959488,"Surrender?","Surrender?"
"UI_No_Friends",378090708552298496,"No friends","No friends"
"Trush_Desc",378339013140066304,"The little boss who collects all the trash in the world!
No special skills, but don’t let your guard down!
His strike packs more punch than you might expect.",
"Smoker_Desc",380594874927460352,"Emerging in a cloud of black smoke, here comes Smoker!
He summons tiny minion monsters from the smoky haze,
causing confusion and mischief wherever he goes.",
"Boomber_Desc",380594907546562560,"Boom! Bang! Pow!
The unpredictable bomb-loving Boomber strikes randomly,
lowering stats or even eliminating characters.
His explosions cannot be avoided!",
"Locky_Desc",380594911602454528,"A master of ironclad defense!
Locks random characters, leaving them unable to act in battle.
His skill cannot be dodged!
Only your strategy can unlock the key to victory",
"Sotty_Desc",380594913674440704,"True to his name, he’s a real trickster!
Casts magic to shuffle characters on the field at random.
Even the strongest heroes cannot escape his pranks!",
"Parasite_Desc",380594915788369920,"A boss born of darkness and virus!
Infects characters on the field to turn them to his side.
The stronger the infected, the stronger Parasite becomes!",
"Emberon_Desc",380594918745354240,"Behold Emberon, the fiery spirit!
Throws huge fireballs each cooldown,
Melting icy fields into raging seas.
Beware his blazing fury!",
"UI_LeagueStat",385197914733064192,"League Stat",
"UI_Promo_Match",385198123592626176,"Promo Match",
"UI_Promo_Fail",385198130165100544,"Promo Failed",
"UI_Promo_Success",385198140218847232,"Promo Success",
"UI_Friend_Max_Number",385218556744347648,"You have the maximum number of friends.",
"UI_Friend_Request_Max_Number",385219076678660096,"The requested friends are maxed out.",
"UI_Friend_Request_Success",385219738732769280,"The request has been sent.",
"UI_Invalid_UID",385580652539588608,"No friends found",
"UI_Search_For_Friends",385583545304920064,"Search for friends",